/*
Navicat MySQL Data Transfer

Source Server         : 192.168.1.229
Source Server Version : 80016
Source Host           : 192.168.1.229:3306
Source Database       : webims

Target Server Type    : MYSQL
Target Server Version : 80016
File Encoding         : 65001

Date: 2021-11-05 17:26:14
*/

SET FOREIGN_KEY_CHECKS=0;

-- ----------------------------
-- Table structure for sys_dept
-- ----------------------------
DROP TABLE IF EXISTS `sys_dept`;
CREATE TABLE `sys_dept` (
  `dept_id` varchar(50) NOT NULL COMMENT '流水号',
  `cascade_id` varchar(255) NOT NULL COMMENT '节点语义ID',
  `dept_name` varchar(100) NOT NULL COMMENT '组织名称',
  `parent_id` varchar(50) NOT NULL COMMENT '父节点流水号',
  `dept_code` varchar(50) DEFAULT NULL COMMENT '机构代码',
  `dept_type` varchar(10) CHARACTER SET utf8 COLLATE utf8_general_ci DEFAULT NULL COMMENT '机构类型3行政区4街镇5居委会',
  `manager` varchar(50) DEFAULT NULL COMMENT '主要负责人',
  `phone` varchar(50) DEFAULT NULL COMMENT '部门电话',
  `fax` varchar(50) DEFAULT NULL COMMENT '传真',
  `address` varchar(200) DEFAULT NULL COMMENT '地址',
  `is_auto_expand` varchar(10) DEFAULT NULL COMMENT '是否自动展开',
  `icon_name` varchar(50) DEFAULT NULL COMMENT '节点图标文件名称',
  `sort_no` int(10) DEFAULT NULL COMMENT '排序号',
  `remark` varchar(400) DEFAULT NULL COMMENT '备注',
  `is_del` varchar(10) DEFAULT '0' COMMENT '是否已删除 0有效 1删除',
  `create_time` datetime DEFAULT NULL COMMENT '创建时间',
  `create_by` varchar(50) DEFAULT NULL COMMENT '创建人ID',
  `update_time` datetime DEFAULT NULL COMMENT '修改时间',
  `update_by` varchar(50) DEFAULT NULL COMMENT '修改用户ID',
  PRIMARY KEY (`dept_id`),
  UNIQUE KEY `deptCode` (`dept_code`)
) ENGINE=InnoDB DEFAULT CHARSET=utf8 COMMENT='组织机构';

-- ----------------------------
-- Records of sys_dept
-- ----------------------------
INSERT INTO `sys_dept` VALUES ('440112', '0.0001', '黄埔区', '0', '440112', '3', null, null, null, null, '1', null, '1', null, '0', '2021-08-20 14:12:08', 'cb33c25f5c664058a111a9b876152317', '2021-08-20 14:12:08', 'cb33c25f5c664058a111a9b876152317');
INSERT INTO `sys_dept` VALUES ('440112001', '0.0001.0002', '黄埔街', '440112', '440112001', '4', null, null, null, null, '0', null, '1', null, '0', '2021-08-20 14:12:08', 'cb33c25f5c664058a111a9b876152317', '2021-08-20 14:12:08', 'cb33c25f5c664058a111a9b876152317');
INSERT INTO `sys_dept` VALUES ('440112001003', '0.0001.0002.0002', '港湾北社区', '440112001', '440112001003', '5', null, null, null, null, '0', null, '1', null, '0', '2021-08-20 14:12:08', 'cb33c25f5c664058a111a9b876152317', '2021-08-20 14:12:08', 'cb33c25f5c664058a111a9b876152317');
INSERT INTO `sys_dept` VALUES ('440112001005', '0.0001.0002.0003', '港湾五村社区', '440112001', '440112001005', '5', null, null, null, null, '0', null, '2', null, '0', '2021-08-20 14:12:08', 'cb33c25f5c664058a111a9b876152317', '2021-08-20 14:12:08', 'cb33c25f5c664058a111a9b876152317');
INSERT INTO `sys_dept` VALUES ('440112001006', '0.0001.0002.0004', '港湾一村社区', '440112001', '440112001006', '5', null, null, null, null, '0', null, '3', null, '0', '2021-08-20 14:12:08', 'cb33c25f5c664058a111a9b876152317', '2021-08-20 14:12:08', 'cb33c25f5c664058a111a9b876152317');
INSERT INTO `sys_dept` VALUES ('440112001010', '0.0001.0002.0005', '荔园社区', '440112001', '440112001010', '5', null, null, null, null, '0', null, '4', null, '0', '2021-08-20 14:12:08', 'cb33c25f5c664058a111a9b876152317', '2021-08-20 14:12:08', 'cb33c25f5c664058a111a9b876152317');
INSERT INTO `sys_dept` VALUES ('440112001012', '0.0001.0002.0006', '港前路社区', '440112001', '440112001012', '5', null, null, null, null, '0', null, '5', null, '0', '2021-08-20 14:12:08', 'cb33c25f5c664058a111a9b876152317', '2021-08-20 14:12:08', 'cb33c25f5c664058a111a9b876152317');
INSERT INTO `sys_dept` VALUES ('440112001013', '0.0001.0002.0007', '港湾机关村社区', '440112001', '440112001013', '5', null, null, null, null, '0', null, '6', null, '0', '2021-08-20 14:12:08', 'cb33c25f5c664058a111a9b876152317', '2021-08-20 14:12:08', 'cb33c25f5c664058a111a9b876152317');
INSERT INTO `sys_dept` VALUES ('440112001014', '0.0001.0002.0008', '下沙社区', '440112001', '440112001014', '5', null, null, null, null, '0', null, '7', null, '0', '2021-08-20 14:12:08', 'cb33c25f5c664058a111a9b876152317', '2021-08-20 14:12:08', 'cb33c25f5c664058a111a9b876152317');
INSERT INTO `sys_dept` VALUES ('440112001015', '0.0001.0002.0009', '丰乐社区', '440112001', '440112001015', '5', null, null, null, null, '0', null, '8', null, '0', '2021-08-20 14:12:08', 'cb33c25f5c664058a111a9b876152317', '2021-08-20 14:12:08', 'cb33c25f5c664058a111a9b876152317');
INSERT INTO `sys_dept` VALUES ('440112001017', '0.0001.0002.0010', '金丽园社区', '440112001', '440112001017', '5', null, null, null, null, '0', null, '9', null, '0', '2021-08-20 14:12:08', 'cb33c25f5c664058a111a9b876152317', '2021-08-20 14:12:08', 'cb33c25f5c664058a111a9b876152317');
INSERT INTO `sys_dept` VALUES ('440112001018', '0.0001.0002.0011', '怡园社区', '440112001', '440112001018', '5', null, null, null, null, '0', null, '10', null, '0', '2021-08-20 14:12:08', 'cb33c25f5c664058a111a9b876152317', '2021-08-20 14:12:08', 'cb33c25f5c664058a111a9b876152317');
INSERT INTO `sys_dept` VALUES ('440112001024', '0.0001.0002.0012', '东苑社区', '440112001', '440112001024', '5', null, null, null, null, '0', null, '11', null, '0', '2021-08-20 14:12:08', 'cb33c25f5c664058a111a9b876152317', '2021-08-20 14:12:08', 'cb33c25f5c664058a111a9b876152317');
INSERT INTO `sys_dept` VALUES ('440112001025', '0.0001.0002.0013', '怡港社区', '440112001', '440112001025', '5', null, null, null, null, '0', null, '12', null, '0', '2021-08-20 14:12:08', 'cb33c25f5c664058a111a9b876152317', '2021-08-20 14:12:08', 'cb33c25f5c664058a111a9b876152317');
INSERT INTO `sys_dept` VALUES ('440112001026', '0.0001.0002.0014', '悦涛社区', '440112001', '440112001026', '5', null, null, null, null, '0', null, '13', null, '0', '2021-08-20 14:12:08', 'cb33c25f5c664058a111a9b876152317', '2021-08-20 14:12:08', 'cb33c25f5c664058a111a9b876152317');
INSERT INTO `sys_dept` VALUES ('440112001027', '0.0001.0002.0015', '黄埔花园社区', '440112001', '440112001027', '5', null, null, null, null, '0', null, '14', null, '0', '2021-08-20 14:12:08', 'cb33c25f5c664058a111a9b876152317', '2021-08-20 14:12:08', 'cb33c25f5c664058a111a9b876152317');
INSERT INTO `sys_dept` VALUES ('440112001028', '0.0001.0002.0016', '金逸雅居社区', '440112001', '440112001028', '5', null, null, null, null, '0', null, '15', null, '0', '2021-08-20 14:12:08', 'cb33c25f5c664058a111a9b876152317', '2021-08-20 14:12:08', 'cb33c25f5c664058a111a9b876152317');
INSERT INTO `sys_dept` VALUES ('440112001029', '0.0001.0002.0017', '金港华园社区', '440112001', '440112001029', '5', null, null, null, null, '0', null, '16', null, '0', '2021-08-20 14:12:08', 'cb33c25f5c664058a111a9b876152317', '2021-08-20 14:12:08', 'cb33c25f5c664058a111a9b876152317');
INSERT INTO `sys_dept` VALUES ('440112002', '0.0001.0003', '红山街', '440112', '440112002', '4', null, null, null, null, '0', null, '2', null, '0', '2021-08-20 14:12:08', 'cb33c25f5c664058a111a9b876152317', '2021-08-20 14:12:08', 'cb33c25f5c664058a111a9b876152317');
INSERT INTO `sys_dept` VALUES ('440112002004', '0.0001.0003.0002', '航专社区', '440112002', '440112002004', '5', null, null, null, null, '0', null, '1', null, '0', '2021-08-20 14:12:08', 'cb33c25f5c664058a111a9b876152317', '2021-08-20 14:12:08', 'cb33c25f5c664058a111a9b876152317');
INSERT INTO `sys_dept` VALUES ('440112002006', '0.0001.0003.0003', '文船社区', '440112002', '440112002006', '5', null, null, null, null, '0', null, '2', null, '0', '2021-08-20 14:12:08', 'cb33c25f5c664058a111a9b876152317', '2021-08-20 14:12:08', 'cb33c25f5c664058a111a9b876152317');
INSERT INTO `sys_dept` VALUES ('440112002009', '0.0001.0003.0004', '远航钢社区', '440112002', '440112002009', '5', null, null, null, null, '0', null, '3', null, '0', '2021-08-20 14:12:08', 'cb33c25f5c664058a111a9b876152317', '2021-08-20 14:12:08', 'cb33c25f5c664058a111a9b876152317');
INSERT INTO `sys_dept` VALUES ('440112002010', '0.0001.0003.0005', '广冶菠船社区', '440112002', '440112002010', '5', null, null, null, null, '0', null, '4', null, '0', '2021-08-20 14:12:08', 'cb33c25f5c664058a111a9b876152317', '2021-08-20 14:12:08', 'cb33c25f5c664058a111a9b876152317');
INSERT INTO `sys_dept` VALUES ('440112002011', '0.0001.0003.0006', '火电社区', '440112002', '440112002011', '5', null, null, null, null, '0', null, '5', null, '0', '2021-08-20 14:12:08', 'cb33c25f5c664058a111a9b876152317', '2021-08-20 14:12:08', 'cb33c25f5c664058a111a9b876152317');
INSERT INTO `sys_dept` VALUES ('440112002012', '0.0001.0003.0007', '双沙社区', '440112002', '440112002012', '5', null, null, null, null, '0', null, '6', null, '0', '2021-08-20 14:12:08', 'cb33c25f5c664058a111a9b876152317', '2021-08-20 14:12:08', 'cb33c25f5c664058a111a9b876152317');
INSERT INTO `sys_dept` VALUES ('440112003', '0.0001.0004', '鱼珠街', '440112', '440112003', '4', null, null, null, null, '0', null, '3', null, '0', '2021-08-20 14:12:08', 'cb33c25f5c664058a111a9b876152317', '2021-08-20 14:12:08', 'cb33c25f5c664058a111a9b876152317');
INSERT INTO `sys_dept` VALUES ('440112003001', '0.0001.0004.0002', '莺岗社区', '440112003', '440112003001', '5', null, null, null, null, '0', null, '1', null, '0', '2021-08-20 14:12:09', 'cb33c25f5c664058a111a9b876152317', '2021-08-20 14:12:09', 'cb33c25f5c664058a111a9b876152317');
INSERT INTO `sys_dept` VALUES ('440112003003', '0.0001.0004.0003', '天虹社区', '440112003', '440112003003', '5', null, null, null, null, '0', null, '2', null, '0', '2021-08-20 14:12:09', 'cb33c25f5c664058a111a9b876152317', '2021-08-20 14:12:09', 'cb33c25f5c664058a111a9b876152317');
INSERT INTO `sys_dept` VALUES ('440112003004', '0.0001.0004.0004', '瓦壶岗社区', '440112003', '440112003004', '5', null, null, null, null, '0', null, '3', null, '0', '2021-08-20 14:12:09', 'cb33c25f5c664058a111a9b876152317', '2021-08-20 14:12:09', 'cb33c25f5c664058a111a9b876152317');
INSERT INTO `sys_dept` VALUES ('440112003005', '0.0001.0004.0005', '鱼木社区', '440112003', '440112003005', '5', null, null, null, null, '0', null, '4', null, '0', '2021-08-20 14:12:09', 'cb33c25f5c664058a111a9b876152317', '2021-08-20 14:12:09', 'cb33c25f5c664058a111a9b876152317');
INSERT INTO `sys_dept` VALUES ('440112003006', '0.0001.0004.0006', '蟹山社区', '440112003', '440112003006', '5', null, null, null, null, '0', null, '5', null, '0', '2021-08-20 14:12:09', 'cb33c25f5c664058a111a9b876152317', '2021-08-20 14:12:09', 'cb33c25f5c664058a111a9b876152317');
INSERT INTO `sys_dept` VALUES ('440112003008', '0.0001.0004.0007', '鱼珠社区', '440112003', '440112003008', '5', null, null, null, null, '0', null, '6', null, '0', '2021-08-20 14:12:09', 'cb33c25f5c664058a111a9b876152317', '2021-08-20 14:12:09', 'cb33c25f5c664058a111a9b876152317');
INSERT INTO `sys_dept` VALUES ('440112003009', '0.0001.0004.0008', '茅岗社区', '440112003', '440112003009', '5', null, null, null, null, '0', null, '7', null, '0', '2021-08-20 14:12:09', 'cb33c25f5c664058a111a9b876152317', '2021-08-20 14:12:09', 'cb33c25f5c664058a111a9b876152317');
INSERT INTO `sys_dept` VALUES ('440112003010', '0.0001.0004.0009', '九沙社区', '440112003', '440112003010', '5', null, null, null, null, '0', null, '8', null, '0', '2021-08-20 14:12:09', 'cb33c25f5c664058a111a9b876152317', '2021-08-20 14:12:09', 'cb33c25f5c664058a111a9b876152317');
INSERT INTO `sys_dept` VALUES ('440112003011', '0.0001.0004.0010', '金碧社区', '440112003', '440112003011', '5', null, null, null, null, '0', null, '9', null, '0', '2021-08-20 14:12:09', 'cb33c25f5c664058a111a9b876152317', '2021-08-20 14:12:09', 'cb33c25f5c664058a111a9b876152317');
INSERT INTO `sys_dept` VALUES ('440112005', '0.0001.0005', '大沙街', '440112', '440112005', '4', null, null, null, null, '0', null, '4', null, '0', '2021-08-20 14:12:09', 'cb33c25f5c664058a111a9b876152317', '2021-08-20 14:12:09', 'cb33c25f5c664058a111a9b876152317');
INSERT INTO `sys_dept` VALUES ('440112005001', '0.0001.0005.0002', '大沙东社区', '440112005', '440112005001', '5', null, null, null, null, '0', null, '1', null, '0', '2021-08-20 14:12:09', 'cb33c25f5c664058a111a9b876152317', '2021-08-20 14:12:09', 'cb33c25f5c664058a111a9b876152317');
INSERT INTO `sys_dept` VALUES ('440112005002', '0.0001.0005.0003', '泰景社区', '440112005', '440112005002', '5', null, null, null, null, '0', null, '2', null, '0', '2021-08-20 14:12:09', 'cb33c25f5c664058a111a9b876152317', '2021-08-20 14:12:09', 'cb33c25f5c664058a111a9b876152317');
INSERT INTO `sys_dept` VALUES ('440112005003', '0.0001.0005.0004', '横沙社区', '440112005', '440112005003', '5', null, null, null, null, '0', null, '3', null, '0', '2021-08-20 14:12:09', 'cb33c25f5c664058a111a9b876152317', '2021-08-20 14:12:09', 'cb33c25f5c664058a111a9b876152317');
INSERT INTO `sys_dept` VALUES ('440112005004', '0.0001.0005.0005', '姬堂社区', '440112005', '440112005004', '5', null, null, null, null, '0', null, '4', null, '0', '2021-08-20 14:12:09', 'cb33c25f5c664058a111a9b876152317', '2021-08-20 14:12:09', 'cb33c25f5c664058a111a9b876152317');
INSERT INTO `sys_dept` VALUES ('440112005005', '0.0001.0005.0006', '瑞宁社区', '440112005', '440112005005', '5', null, null, null, null, '0', null, '5', null, '0', '2021-08-20 14:12:09', 'cb33c25f5c664058a111a9b876152317', '2021-08-20 14:12:09', 'cb33c25f5c664058a111a9b876152317');
INSERT INTO `sys_dept` VALUES ('440112005006', '0.0001.0005.0007', '大沙北社区', '440112005', '440112005006', '5', null, null, null, null, '0', null, '6', null, '0', '2021-08-20 14:12:09', 'cb33c25f5c664058a111a9b876152317', '2021-08-20 14:12:09', 'cb33c25f5c664058a111a9b876152317');
INSERT INTO `sys_dept` VALUES ('440112005008', '0.0001.0005.0008', '豫章苑社区', '440112005', '440112005008', '5', null, null, null, null, '0', null, '7', null, '0', '2021-08-20 14:12:09', 'cb33c25f5c664058a111a9b876152317', '2021-08-20 14:12:09', 'cb33c25f5c664058a111a9b876152317');
INSERT INTO `sys_dept` VALUES ('440112006', '0.0001.0006', '文冲街', '440112', '440112006', '4', null, null, null, null, '0', null, '5', null, '0', '2021-08-20 14:12:09', 'cb33c25f5c664058a111a9b876152317', '2021-08-20 14:12:09', 'cb33c25f5c664058a111a9b876152317');
INSERT INTO `sys_dept` VALUES ('440112006001', '0.0001.0006.0002', '石化社区', '440112006', '440112006001', '5', null, null, null, null, '0', null, '1', null, '0', '2021-08-20 14:12:09', 'cb33c25f5c664058a111a9b876152317', '2021-08-20 14:12:09', 'cb33c25f5c664058a111a9b876152317');
INSERT INTO `sys_dept` VALUES ('440112006002', '0.0001.0006.0003', '海安社区', '440112006', '440112006002', '5', null, null, null, null, '0', null, '2', null, '0', '2021-08-20 14:12:09', 'cb33c25f5c664058a111a9b876152317', '2021-08-20 14:12:09', 'cb33c25f5c664058a111a9b876152317');
INSERT INTO `sys_dept` VALUES ('440112006003', '0.0001.0006.0004', '文冲社区', '440112006', '440112006003', '5', null, null, null, null, '0', null, '3', null, '0', '2021-08-20 14:12:09', 'cb33c25f5c664058a111a9b876152317', '2021-08-20 14:12:09', 'cb33c25f5c664058a111a9b876152317');
INSERT INTO `sys_dept` VALUES ('440112006004', '0.0001.0006.0005', '开元社区', '440112006', '440112006004', '5', null, null, null, null, '0', null, '4', null, '0', '2021-08-20 14:12:09', 'cb33c25f5c664058a111a9b876152317', '2021-08-20 14:12:09', 'cb33c25f5c664058a111a9b876152317');
INSERT INTO `sys_dept` VALUES ('440112006005', '0.0001.0006.0006', '万科花园社区', '440112006', '440112006005', '5', null, null, null, null, '0', null, '5', null, '0', '2021-08-20 14:12:09', 'cb33c25f5c664058a111a9b876152317', '2021-08-20 14:12:09', 'cb33c25f5c664058a111a9b876152317');
INSERT INTO `sys_dept` VALUES ('440112006006', '0.0001.0006.0007', '骏雅社区', '440112006', '440112006006', '5', null, null, null, null, '0', null, '6', null, '0', '2021-08-20 14:12:09', 'cb33c25f5c664058a111a9b876152317', '2021-08-20 14:12:09', 'cb33c25f5c664058a111a9b876152317');
INSERT INTO `sys_dept` VALUES ('440112006007', '0.0001.0006.0008', '文冲新村社区居委会', '440112006', '440112006007', '5', null, null, null, null, '0', null, '7', null, '0', '2021-08-20 14:12:09', 'cb33c25f5c664058a111a9b876152317', '2021-08-20 14:12:09', 'cb33c25f5c664058a111a9b876152317');
INSERT INTO `sys_dept` VALUES ('440112006008', '0.0001.0006.0009', '瑞东花园社区', '440112006', '440112006008', '5', null, null, null, null, '0', null, '8', null, '0', '2021-08-20 14:12:09', 'cb33c25f5c664058a111a9b876152317', '2021-08-20 14:12:09', 'cb33c25f5c664058a111a9b876152317');
INSERT INTO `sys_dept` VALUES ('440112007', '0.0001.0007', '穗东街', '440112', '440112007', '4', null, null, null, null, '0', null, '6', null, '0', '2021-08-20 14:12:09', 'cb33c25f5c664058a111a9b876152317', '2021-08-20 14:12:09', 'cb33c25f5c664058a111a9b876152317');
INSERT INTO `sys_dept` VALUES ('440112007001', '0.0001.0007.0002', '南石市社区', '440112007', '440112007001', '5', null, null, null, null, '0', null, '1', null, '0', '2021-08-20 14:12:09', 'cb33c25f5c664058a111a9b876152317', '2021-08-20 14:12:09', 'cb33c25f5c664058a111a9b876152317');
INSERT INTO `sys_dept` VALUES ('440112007002', '0.0001.0007.0003', '庙头社区', '440112007', '440112007002', '5', null, null, null, null, '0', null, '2', null, '0', '2021-08-20 14:12:09', 'cb33c25f5c664058a111a9b876152317', '2021-08-20 14:12:09', 'cb33c25f5c664058a111a9b876152317');
INSERT INTO `sys_dept` VALUES ('440112007003', '0.0001.0007.0004', '南湾社区', '440112007', '440112007003', '5', null, null, null, null, '0', null, '3', null, '0', '2021-08-20 14:12:09', 'cb33c25f5c664058a111a9b876152317', '2021-08-20 14:12:09', 'cb33c25f5c664058a111a9b876152317');
INSERT INTO `sys_dept` VALUES ('440112007004', '0.0001.0007.0005', '夏园社区', '440112007', '440112007004', '5', null, null, null, null, '0', null, '4', null, '0', '2021-08-20 14:12:09', 'cb33c25f5c664058a111a9b876152317', '2021-08-20 14:12:09', 'cb33c25f5c664058a111a9b876152317');
INSERT INTO `sys_dept` VALUES ('440112008', '0.0001.0008', '南岗街', '440112', '440112008', '4', null, null, null, null, '0', null, '7', null, '0', '2021-08-20 14:12:09', 'cb33c25f5c664058a111a9b876152317', '2021-08-20 14:12:09', 'cb33c25f5c664058a111a9b876152317');
INSERT INTO `sys_dept` VALUES ('440112008001', '0.0001.0008.0002', '黄埔电厂社区', '440112008', '440112008001', '5', null, null, null, null, '0', null, '1', null, '0', '2021-08-20 14:12:09', 'cb33c25f5c664058a111a9b876152317', '2021-08-20 14:12:09', 'cb33c25f5c664058a111a9b876152317');
INSERT INTO `sys_dept` VALUES ('440112008002', '0.0001.0008.0003', '新港社区', '440112008', '440112008002', '5', null, null, null, null, '0', null, '2', null, '0', '2021-08-20 14:12:09', 'cb33c25f5c664058a111a9b876152317', '2021-08-20 14:12:09', 'cb33c25f5c664058a111a9b876152317');
INSERT INTO `sys_dept` VALUES ('440112008003', '0.0001.0008.0004', '四航局社区', '440112008', '440112008003', '5', null, null, null, null, '0', null, '3', null, '0', '2021-08-20 14:12:09', 'cb33c25f5c664058a111a9b876152317', '2021-08-20 14:12:09', 'cb33c25f5c664058a111a9b876152317');
INSERT INTO `sys_dept` VALUES ('440112008004', '0.0001.0008.0005', '省电力一局社区', '440112008', '440112008004', '5', null, null, null, null, '0', null, '4', null, '0', '2021-08-20 14:12:09', 'cb33c25f5c664058a111a9b876152317', '2021-08-20 14:12:09', 'cb33c25f5c664058a111a9b876152317');
INSERT INTO `sys_dept` VALUES ('440112008005', '0.0001.0008.0006', '海地社区', '440112008', '440112008005', '5', null, null, null, null, '0', null, '5', null, '0', '2021-08-20 14:12:09', 'cb33c25f5c664058a111a9b876152317', '2021-08-20 14:12:09', 'cb33c25f5c664058a111a9b876152317');
INSERT INTO `sys_dept` VALUES ('440112008006', '0.0001.0008.0007', '南岗头社区', '440112008', '440112008006', '5', null, null, null, null, '0', null, '6', null, '0', '2021-08-20 14:12:09', 'cb33c25f5c664058a111a9b876152317', '2021-08-20 14:12:09', 'cb33c25f5c664058a111a9b876152317');
INSERT INTO `sys_dept` VALUES ('440112008007', '0.0001.0008.0008', '南岗圩社区', '440112008', '440112008007', '5', null, null, null, null, '0', null, '7', null, '0', '2021-08-20 14:12:09', 'cb33c25f5c664058a111a9b876152317', '2021-08-20 14:12:09', 'cb33c25f5c664058a111a9b876152317');
INSERT INTO `sys_dept` VALUES ('440112008008', '0.0001.0008.0009', '沙步社区', '440112008', '440112008008', '5', null, null, null, null, '0', null, '8', null, '0', '2021-08-20 14:12:09', 'cb33c25f5c664058a111a9b876152317', '2021-08-20 14:12:09', 'cb33c25f5c664058a111a9b876152317');
INSERT INTO `sys_dept` VALUES ('440112008009', '0.0001.0008.0010', '南岗社区', '440112008', '440112008009', '5', null, null, null, null, '0', null, '9', null, '0', '2021-08-20 14:12:09', 'cb33c25f5c664058a111a9b876152317', '2021-08-20 14:12:09', 'cb33c25f5c664058a111a9b876152317');
INSERT INTO `sys_dept` VALUES ('440112008010', '0.0001.0008.0011', '广海社区居委会', '440112008', '440112008010', '5', null, null, null, null, '0', null, '10', null, '0', '2021-08-20 14:12:09', 'cb33c25f5c664058a111a9b876152317', '2021-08-20 14:12:09', 'cb33c25f5c664058a111a9b876152317');
INSERT INTO `sys_dept` VALUES ('440112008011', '0.0001.0008.0012', '康南社区', '440112008', '440112008011', '5', null, null, null, null, '0', null, '11', null, '0', '2021-08-20 14:12:09', 'cb33c25f5c664058a111a9b876152317', '2021-08-20 14:12:09', 'cb33c25f5c664058a111a9b876152317');
INSERT INTO `sys_dept` VALUES ('440112008012', '0.0001.0008.0013', '尚城社区', '440112008', '440112008012', '5', null, null, null, null, '0', null, '12', null, '0', '2021-08-20 14:12:09', 'cb33c25f5c664058a111a9b876152317', '2021-08-20 14:12:09', 'cb33c25f5c664058a111a9b876152317');
INSERT INTO `sys_dept` VALUES ('440112010', '0.0001.0009', '长洲街', '440112', '440112010', '4', null, null, null, null, '0', null, '8', null, '0', '2021-08-20 14:12:09', 'cb33c25f5c664058a111a9b876152317', '2021-08-20 14:12:09', 'cb33c25f5c664058a111a9b876152317');
INSERT INTO `sys_dept` VALUES ('440112010001', '0.0001.0009.0002', '黄船社区', '440112010', '440112010001', '5', null, null, null, null, '0', null, '1', null, '0', '2021-08-20 14:12:09', 'cb33c25f5c664058a111a9b876152317', '2021-08-20 14:12:09', 'cb33c25f5c664058a111a9b876152317');
INSERT INTO `sys_dept` VALUES ('440112010002', '0.0001.0009.0003', '梅园社区', '440112010', '440112010002', '5', null, null, null, null, '0', null, '2', null, '0', '2021-08-20 14:12:09', 'cb33c25f5c664058a111a9b876152317', '2021-08-20 14:12:09', 'cb33c25f5c664058a111a9b876152317');
INSERT INTO `sys_dept` VALUES ('440112010003', '0.0001.0009.0004', '长洲社区', '440112010', '440112010003', '5', null, null, null, null, '0', null, '3', null, '0', '2021-08-20 14:12:09', 'cb33c25f5c664058a111a9b876152317', '2021-08-20 14:12:09', 'cb33c25f5c664058a111a9b876152317');
INSERT INTO `sys_dept` VALUES ('440112010004', '0.0001.0009.0005', '深井社区', '440112010', '440112010004', '5', null, null, null, null, '0', null, '4', null, '0', '2021-08-20 14:12:09', 'cb33c25f5c664058a111a9b876152317', '2021-08-20 14:12:09', 'cb33c25f5c664058a111a9b876152317');
INSERT INTO `sys_dept` VALUES ('440112011', '0.0001.0010', '夏港街', '440112', '440112011', '4', null, null, null, null, '0', null, '9', null, '0', '2021-08-20 14:12:09', 'cb33c25f5c664058a111a9b876152317', '2021-08-20 14:12:09', 'cb33c25f5c664058a111a9b876152317');
INSERT INTO `sys_dept` VALUES ('440112011001', '0.0001.0010.0002', '青年社区', '440112011', '440112011001', '5', null, null, null, null, '0', null, '1', null, '0', '2021-08-20 14:12:09', 'cb33c25f5c664058a111a9b876152317', '2021-08-20 14:12:09', 'cb33c25f5c664058a111a9b876152317');
INSERT INTO `sys_dept` VALUES ('440112011002', '0.0001.0010.0003', '丽江社区', '440112011', '440112011002', '5', null, null, null, null, '0', null, '2', null, '0', '2021-08-20 14:12:09', 'cb33c25f5c664058a111a9b876152317', '2021-08-20 14:12:09', 'cb33c25f5c664058a111a9b876152317');
INSERT INTO `sys_dept` VALUES ('440112011003', '0.0001.0010.0004', '金碧社区', '440112011', '440112011003', '5', null, null, null, null, '0', null, '3', null, '0', '2021-08-20 14:12:09', 'cb33c25f5c664058a111a9b876152317', '2021-08-20 14:12:09', 'cb33c25f5c664058a111a9b876152317');
INSERT INTO `sys_dept` VALUES ('440112011004', '0.0001.0010.0005', '普晖社区', '440112011', '440112011004', '5', null, null, null, null, '0', null, '4', null, '0', '2021-08-20 14:12:09', 'cb33c25f5c664058a111a9b876152317', '2021-08-20 14:12:09', 'cb33c25f5c664058a111a9b876152317');
INSERT INTO `sys_dept` VALUES ('440112011005', '0.0001.0010.0006', '墩头基社区', '440112011', '440112011005', '5', null, null, null, null, '0', null, '5', null, '0', '2021-08-20 14:12:09', 'cb33c25f5c664058a111a9b876152317', '2021-08-20 14:12:09', 'cb33c25f5c664058a111a9b876152317');
INSERT INTO `sys_dept` VALUES ('440112011006', '0.0001.0010.0007', '保税社区', '440112011', '440112011006', '5', null, null, null, null, '0', null, '6', null, '0', '2021-08-20 14:12:09', 'cb33c25f5c664058a111a9b876152317', '2021-08-20 14:12:09', 'cb33c25f5c664058a111a9b876152317');
INSERT INTO `sys_dept` VALUES ('440112012', '0.0001.0011', '萝岗街', '440112', '440112012', '4', null, null, null, null, '0', null, '10', null, '0', '2021-08-20 14:12:09', 'cb33c25f5c664058a111a9b876152317', '2021-08-20 14:12:09', 'cb33c25f5c664058a111a9b876152317');
INSERT INTO `sys_dept` VALUES ('440112012001', '0.0001.0011.0002', '萝岗社区', '440112012', '440112012001', '5', null, null, null, null, '0', null, '1', null, '0', '2021-08-20 14:12:09', 'cb33c25f5c664058a111a9b876152317', '2021-08-20 14:12:09', 'cb33c25f5c664058a111a9b876152317');
INSERT INTO `sys_dept` VALUES ('440112012002', '0.0001.0011.0003', '萝峰社区', '440112012', '440112012002', '5', null, null, null, null, '0', null, '2', null, '0', '2021-08-20 14:12:09', 'cb33c25f5c664058a111a9b876152317', '2021-08-20 14:12:09', 'cb33c25f5c664058a111a9b876152317');
INSERT INTO `sys_dept` VALUES ('440112012007', '0.0001.0011.0004', '荔红社区', '440112012', '440112012007', '5', null, null, null, null, '0', null, '3', null, '0', '2021-08-20 14:12:09', 'cb33c25f5c664058a111a9b876152317', '2021-08-20 14:12:09', 'cb33c25f5c664058a111a9b876152317');
INSERT INTO `sys_dept` VALUES ('440112012009', '0.0001.0011.0005', '香雪社区', '440112012', '440112012009', '5', null, null, null, null, '0', null, '4', null, '0', '2021-08-20 14:12:09', 'cb33c25f5c664058a111a9b876152317', '2021-08-20 14:12:09', 'cb33c25f5c664058a111a9b876152317');
INSERT INTO `sys_dept` VALUES ('440112012010', '0.0001.0011.0006', '科城社区', '440112012', '440112012010', '5', null, null, null, null, '0', null, '5', null, '0', '2021-08-20 14:12:09', 'cb33c25f5c664058a111a9b876152317', '2021-08-20 14:12:09', 'cb33c25f5c664058a111a9b876152317');
INSERT INTO `sys_dept` VALUES ('440112012012', '0.0001.0011.0007', '罗兰社区', '440112012', '440112012012', '5', null, null, null, null, '0', null, '6', null, '0', '2021-08-20 14:12:09', 'cb33c25f5c664058a111a9b876152317', '2021-08-20 14:12:09', 'cb33c25f5c664058a111a9b876152317');
INSERT INTO `sys_dept` VALUES ('440112012013', '0.0001.0011.0008', '新福港社区', '440112012', '440112012013', '5', null, null, null, null, '0', null, '7', null, '0', '2021-08-20 14:12:09', 'cb33c25f5c664058a111a9b876152317', '2021-08-20 14:12:09', 'cb33c25f5c664058a111a9b876152317');
INSERT INTO `sys_dept` VALUES ('440112013', '0.0001.0012', '云埔街', '440112', '440112013', '4', null, null, null, null, '0', null, '11', null, '0', '2021-08-20 14:12:09', 'cb33c25f5c664058a111a9b876152317', '2021-08-20 14:12:09', 'cb33c25f5c664058a111a9b876152317');
INSERT INTO `sys_dept` VALUES ('440112013001', '0.0001.0012.0002', '东区社区', '440112013', '440112013001', '5', null, null, null, null, '0', null, '1', null, '0', '2021-08-20 14:12:09', 'cb33c25f5c664058a111a9b876152317', '2021-08-20 14:12:09', 'cb33c25f5c664058a111a9b876152317');
INSERT INTO `sys_dept` VALUES ('440112013002', '0.0001.0012.0003', '笔岗社区', '440112013', '440112013002', '5', null, null, null, null, '0', null, '2', null, '0', '2021-08-20 14:12:09', 'cb33c25f5c664058a111a9b876152317', '2021-08-20 14:12:09', 'cb33c25f5c664058a111a9b876152317');
INSERT INTO `sys_dept` VALUES ('440112013003', '0.0001.0012.0004', '火村社区', '440112013', '440112013003', '5', null, null, null, null, '0', null, '3', null, '0', '2021-08-20 14:12:09', 'cb33c25f5c664058a111a9b876152317', '2021-08-20 14:12:09', 'cb33c25f5c664058a111a9b876152317');
INSERT INTO `sys_dept` VALUES ('440112013004', '0.0001.0012.0005', '刘村社区', '440112013', '440112013004', '5', null, null, null, null, '0', null, '4', null, '0', '2021-08-20 14:12:09', 'cb33c25f5c664058a111a9b876152317', '2021-08-20 14:12:09', 'cb33c25f5c664058a111a9b876152317');
INSERT INTO `sys_dept` VALUES ('440112013005', '0.0001.0012.0006', '新东社区', '440112013', '440112013005', '5', null, null, null, null, '0', null, '5', null, '0', '2021-08-20 14:12:09', 'cb33c25f5c664058a111a9b876152317', '2021-08-20 14:12:09', 'cb33c25f5c664058a111a9b876152317');
INSERT INTO `sys_dept` VALUES ('440112013006', '0.0001.0012.0007', '东荟城社区', '440112013', '440112013006', '5', null, null, null, null, '0', null, '6', null, '0', '2021-08-20 14:12:09', 'cb33c25f5c664058a111a9b876152317', '2021-08-20 14:12:09', 'cb33c25f5c664058a111a9b876152317');
INSERT INTO `sys_dept` VALUES ('440112013007', '0.0001.0012.0008', '中海誉东社区', '440112013', '440112013007', '5', null, null, null, null, '0', null, '7', null, '0', '2021-08-20 14:12:09', 'cb33c25f5c664058a111a9b876152317', '2021-08-20 14:12:09', 'cb33c25f5c664058a111a9b876152317');
INSERT INTO `sys_dept` VALUES ('440112013008', '0.0001.0012.0009', '沧联社区', '440112013', '440112013008', '5', null, null, null, null, '0', null, '8', null, '0', '2021-08-20 14:12:09', 'cb33c25f5c664058a111a9b876152317', '2021-08-20 14:12:09', 'cb33c25f5c664058a111a9b876152317');
INSERT INTO `sys_dept` VALUES ('440112013009', '0.0001.0012.0010', '誉品社区', '440112013', '440112013009', '5', null, null, null, null, '0', null, '9', null, '0', '2021-08-20 14:12:09', 'cb33c25f5c664058a111a9b876152317', '2021-08-20 14:12:09', 'cb33c25f5c664058a111a9b876152317');
INSERT INTO `sys_dept` VALUES ('440112013010', '0.0001.0012.0011', '金梦社区', '440112013', '440112013010', '5', null, null, null, null, '0', null, '10', null, '0', '2021-08-20 14:12:09', 'cb33c25f5c664058a111a9b876152317', '2021-08-20 14:12:09', 'cb33c25f5c664058a111a9b876152317');
INSERT INTO `sys_dept` VALUES ('440112013011', '0.0001.0012.0012', '雅筑社区', '440112013', '440112013011', '5', null, null, null, null, '0', null, '11', null, '0', '2021-08-20 14:12:09', 'cb33c25f5c664058a111a9b876152317', '2021-08-20 14:12:09', 'cb33c25f5c664058a111a9b876152317');
INSERT INTO `sys_dept` VALUES ('440112013012', '0.0001.0012.0013', '万荟社区', '440112013', '440112013012', '5', null, null, null, null, '0', null, '12', null, '0', '2021-08-20 14:12:09', 'cb33c25f5c664058a111a9b876152317', '2021-08-20 14:12:09', 'cb33c25f5c664058a111a9b876152317');
INSERT INTO `sys_dept` VALUES ('440112013013', '0.0001.0012.0014', '春树里社区', '440112013', '440112013013', '5', null, null, null, null, '0', null, '13', null, '0', '2021-08-20 14:12:09', 'cb33c25f5c664058a111a9b876152317', '2021-08-20 14:12:09', 'cb33c25f5c664058a111a9b876152317');
INSERT INTO `sys_dept` VALUES ('440112013014', '0.0001.0012.0015', '爱特城社区', '440112013', '440112013014', '5', null, null, null, null, '0', null, '14', null, '0', '2021-08-20 14:12:09', 'cb33c25f5c664058a111a9b876152317', '2021-08-20 14:12:09', 'cb33c25f5c664058a111a9b876152317');
INSERT INTO `sys_dept` VALUES ('440112014', '0.0001.0013', '联和街', '440112', '440112014', '4', null, null, null, null, '0', null, '12', null, '0', '2021-08-20 14:12:09', 'cb33c25f5c664058a111a9b876152317', '2021-08-20 14:12:09', 'cb33c25f5c664058a111a9b876152317');
INSERT INTO `sys_dept` VALUES ('440112014001', '0.0001.0013.0002', '联和社区', '440112014', '440112014001', '5', null, null, null, null, '0', null, '1', null, '0', '2021-08-20 14:12:09', 'cb33c25f5c664058a111a9b876152317', '2021-08-20 14:12:09', 'cb33c25f5c664058a111a9b876152317');
INSERT INTO `sys_dept` VALUES ('440112014002', '0.0001.0013.0003', '暹岗社区', '440112014', '440112014002', '5', null, null, null, null, '0', null, '2', null, '0', '2021-08-20 14:12:09', 'cb33c25f5c664058a111a9b876152317', '2021-08-20 14:12:09', 'cb33c25f5c664058a111a9b876152317');
INSERT INTO `sys_dept` VALUES ('440112014003', '0.0001.0013.0004', '黄陂社区', '440112014', '440112014003', '5', null, null, null, null, '0', null, '3', null, '0', '2021-08-20 14:12:09', 'cb33c25f5c664058a111a9b876152317', '2021-08-20 14:12:09', 'cb33c25f5c664058a111a9b876152317');
INSERT INTO `sys_dept` VALUES ('440112014004', '0.0001.0013.0005', '玉树社区', '440112014', '440112014004', '5', null, null, null, null, '0', null, '4', null, '0', '2021-08-20 14:12:09', 'cb33c25f5c664058a111a9b876152317', '2021-08-20 14:12:09', 'cb33c25f5c664058a111a9b876152317');
INSERT INTO `sys_dept` VALUES ('440112014005', '0.0001.0013.0006', '天鹿湖社区', '440112014', '440112014005', '5', null, null, null, null, '0', null, '5', null, '0', '2021-08-20 14:12:09', 'cb33c25f5c664058a111a9b876152317', '2021-08-20 14:12:09', 'cb33c25f5c664058a111a9b876152317');
INSERT INTO `sys_dept` VALUES ('440112014006', '0.0001.0013.0007', '金峰园社区', '440112014', '440112014006', '5', null, null, null, null, '0', null, '6', null, '0', '2021-08-20 14:12:09', 'cb33c25f5c664058a111a9b876152317', '2021-08-20 14:12:09', 'cb33c25f5c664058a111a9b876152317');
INSERT INTO `sys_dept` VALUES ('440112014007', '0.0001.0013.0008', '龙华社区', '440112014', '440112014007', '5', null, null, null, null, '0', null, '7', null, '0', '2021-08-20 14:12:09', 'cb33c25f5c664058a111a9b876152317', '2021-08-20 14:12:09', 'cb33c25f5c664058a111a9b876152317');
INSERT INTO `sys_dept` VALUES ('440112014008', '0.0001.0013.0009', '科翔社区', '440112014', '440112014008', '5', null, null, null, null, '0', null, '8', null, '0', '2021-08-20 14:12:09', 'cb33c25f5c664058a111a9b876152317', '2021-08-20 14:12:09', 'cb33c25f5c664058a111a9b876152317');
INSERT INTO `sys_dept` VALUES ('440112014009', '0.0001.0013.0010', '富春社区', '440112014', '440112014009', '5', null, null, null, null, '0', null, '9', null, '0', '2021-08-20 14:12:09', 'cb33c25f5c664058a111a9b876152317', '2021-08-20 14:12:09', 'cb33c25f5c664058a111a9b876152317');
INSERT INTO `sys_dept` VALUES ('440112014010', '0.0001.0013.0011', '峰湖御境社区', '440112014', '440112014010', '5', null, null, null, null, '0', null, '10', null, '0', '2021-08-20 14:12:09', 'cb33c25f5c664058a111a9b876152317', '2021-08-20 14:12:09', 'cb33c25f5c664058a111a9b876152317');
INSERT INTO `sys_dept` VALUES ('440112015', '0.0001.0014', '永和街', '440112', '440112015', '4', null, null, null, null, '0', null, '13', null, '0', '2021-08-20 14:12:09', 'cb33c25f5c664058a111a9b876152317', '2021-08-20 14:12:09', 'cb33c25f5c664058a111a9b876152317');
INSERT INTO `sys_dept` VALUES ('440112015001', '0.0001.0014.0002', '贤江社区', '440112015', '440112015001', '5', null, null, null, null, '0', null, '1', null, '0', '2021-08-20 14:12:09', 'cb33c25f5c664058a111a9b876152317', '2021-08-20 14:12:09', 'cb33c25f5c664058a111a9b876152317');
INSERT INTO `sys_dept` VALUES ('440112015002', '0.0001.0014.0003', '新庄社区', '440112015', '440112015002', '5', null, null, null, null, '0', null, '2', null, '0', '2021-08-20 14:12:09', 'cb33c25f5c664058a111a9b876152317', '2021-08-20 14:12:09', 'cb33c25f5c664058a111a9b876152317');
INSERT INTO `sys_dept` VALUES ('440112015003', '0.0001.0014.0004', '永岗社区', '440112015', '440112015003', '5', null, null, null, null, '0', null, '3', null, '0', '2021-08-20 14:12:09', 'cb33c25f5c664058a111a9b876152317', '2021-08-20 14:12:09', 'cb33c25f5c664058a111a9b876152317');
INSERT INTO `sys_dept` VALUES ('440112015004', '0.0001.0014.0005', '禾丰社区', '440112015', '440112015004', '5', null, null, null, null, '0', null, '4', null, '0', '2021-08-20 14:12:09', 'cb33c25f5c664058a111a9b876152317', '2021-08-20 14:12:09', 'cb33c25f5c664058a111a9b876152317');
INSERT INTO `sys_dept` VALUES ('440112015005', '0.0001.0014.0006', '珠江嘉园社区', '440112015', '440112015005', '5', null, null, null, null, '0', null, '5', null, '0', '2021-08-20 14:12:09', 'cb33c25f5c664058a111a9b876152317', '2021-08-20 14:12:09', 'cb33c25f5c664058a111a9b876152317');
INSERT INTO `sys_dept` VALUES ('440112015007', '0.0001.0014.0007', '里享家社区', '440112015', '440112015007', '5', null, null, null, null, '0', null, '6', null, '0', '2021-08-20 14:12:09', 'cb33c25f5c664058a111a9b876152317', '2021-08-20 14:12:09', 'cb33c25f5c664058a111a9b876152317');
INSERT INTO `sys_dept` VALUES ('440112015008', '0.0001.0014.0008', '蓝藤社区', '440112015', '440112015008', '5', null, null, null, null, '0', null, '7', null, '0', '2021-08-20 14:12:09', 'cb33c25f5c664058a111a9b876152317', '2021-08-20 14:12:09', 'cb33c25f5c664058a111a9b876152317');
INSERT INTO `sys_dept` VALUES ('440112015009', '0.0001.0014.0009', '青藤社区', '440112015', '440112015009', '5', null, null, null, null, '0', null, '8', null, '0', '2021-08-20 14:12:09', 'cb33c25f5c664058a111a9b876152317', '2021-08-20 14:12:09', 'cb33c25f5c664058a111a9b876152317');
INSERT INTO `sys_dept` VALUES ('440112016', '0.0001.0015', '长岭街', '440112', '440112016', '4', null, null, null, null, '0', null, '14', null, '0', '2021-08-20 14:12:09', 'cb33c25f5c664058a111a9b876152317', '2021-08-20 14:12:09', 'cb33c25f5c664058a111a9b876152317');
INSERT INTO `sys_dept` VALUES ('440112016003', '0.0001.0015.0002', '水西社区', '440112016', '440112016003', '5', null, null, null, null, '0', null, '1', null, '0', '2021-08-20 14:12:09', 'cb33c25f5c664058a111a9b876152317', '2021-08-20 14:12:09', 'cb33c25f5c664058a111a9b876152317');
INSERT INTO `sys_dept` VALUES ('440112016004', '0.0001.0015.0003', '长平社区', '440112016', '440112016004', '5', null, null, null, null, '0', null, '2', null, '0', '2021-08-20 14:12:09', 'cb33c25f5c664058a111a9b876152317', '2021-08-20 14:12:09', 'cb33c25f5c664058a111a9b876152317');
INSERT INTO `sys_dept` VALUES ('440112016005', '0.0001.0015.0004', '黄登社区', '440112016', '440112016005', '5', null, null, null, null, '0', null, '3', null, '0', '2021-08-20 14:12:09', 'cb33c25f5c664058a111a9b876152317', '2021-08-20 14:12:09', 'cb33c25f5c664058a111a9b876152317');
INSERT INTO `sys_dept` VALUES ('440112016006', '0.0001.0015.0005', '黄麻社区', '440112016', '440112016006', '5', null, null, null, null, '0', null, '4', null, '0', '2021-08-20 14:12:09', 'cb33c25f5c664058a111a9b876152317', '2021-08-20 14:12:09', 'cb33c25f5c664058a111a9b876152317');
INSERT INTO `sys_dept` VALUES ('440112016008', '0.0001.0015.0006', '岭头社区', '440112016', '440112016008', '5', null, null, null, null, '0', null, '5', null, '0', '2021-08-20 14:12:09', 'cb33c25f5c664058a111a9b876152317', '2021-08-20 14:12:09', 'cb33c25f5c664058a111a9b876152317');
INSERT INTO `sys_dept` VALUES ('440112016010', '0.0001.0015.0007', '长岭社区', '440112016', '440112016010', '5', null, null, null, null, '0', null, '6', null, '0', '2021-08-20 14:12:09', 'cb33c25f5c664058a111a9b876152317', '2021-08-20 14:12:09', 'cb33c25f5c664058a111a9b876152317');
INSERT INTO `sys_dept` VALUES ('440112016011', '0.0001.0015.0008', '和苑东社区', '440112016', '440112016011', '5', null, null, null, null, '0', null, '7', null, '0', '2021-08-20 14:12:09', 'cb33c25f5c664058a111a9b876152317', '2021-08-20 14:12:09', 'cb33c25f5c664058a111a9b876152317');
INSERT INTO `sys_dept` VALUES ('440112016012', '0.0001.0015.0009', '和苑南社区', '440112016', '440112016012', '5', null, null, null, null, '0', null, '8', null, '0', '2021-08-20 14:12:09', 'cb33c25f5c664058a111a9b876152317', '2021-08-20 14:12:09', 'cb33c25f5c664058a111a9b876152317');
INSERT INTO `sys_dept` VALUES ('440112016013', '0.0001.0015.0010', '山景城社区', '440112016', '440112016013', '5', null, null, null, null, '0', null, '9', null, '0', '2021-08-20 14:12:09', 'cb33c25f5c664058a111a9b876152317', '2021-08-20 14:12:09', 'cb33c25f5c664058a111a9b876152317');
INSERT INTO `sys_dept` VALUES ('440112017', '0.0001.0016', '九佛街', '440112', '440112017', '4', null, null, null, null, '0', null, '15', null, '0', '2021-08-20 14:12:09', 'cb33c25f5c664058a111a9b876152317', '2021-08-20 14:12:09', 'cb33c25f5c664058a111a9b876152317');
INSERT INTO `sys_dept` VALUES ('440112017002', '0.0001.0016.0002', '穗北社区', '440112017', '440112017002', '5', null, null, null, null, '0', null, '1', null, '0', '2021-08-20 14:12:09', 'cb33c25f5c664058a111a9b876152317', '2021-08-20 14:12:09', 'cb33c25f5c664058a111a9b876152317');
INSERT INTO `sys_dept` VALUES ('440112017200', '0.0001.0016.0003', '红卫村', '440112017', '440112017200', '5', null, null, null, null, '0', null, '2', null, '0', '2021-08-20 14:12:09', 'cb33c25f5c664058a111a9b876152317', '2021-08-20 14:12:09', 'cb33c25f5c664058a111a9b876152317');
INSERT INTO `sys_dept` VALUES ('440112017201', '0.0001.0016.0004', '凤尾村', '440112017', '440112017201', '5', null, null, null, null, '0', null, '3', null, '0', '2021-08-20 14:12:09', 'cb33c25f5c664058a111a9b876152317', '2021-08-20 14:12:09', 'cb33c25f5c664058a111a9b876152317');
INSERT INTO `sys_dept` VALUES ('440112017203', '0.0001.0016.0005', '蟹庄村', '440112017', '440112017203', '5', null, null, null, null, '0', null, '4', null, '0', '2021-08-20 14:12:09', 'cb33c25f5c664058a111a9b876152317', '2021-08-20 14:12:09', 'cb33c25f5c664058a111a9b876152317');
INSERT INTO `sys_dept` VALUES ('440112017204', '0.0001.0016.0006', '枫下村', '440112017', '440112017204', '5', null, null, null, null, '0', null, '5', null, '0', '2021-08-20 14:12:09', 'cb33c25f5c664058a111a9b876152317', '2021-08-20 14:12:09', 'cb33c25f5c664058a111a9b876152317');
INSERT INTO `sys_dept` VALUES ('440112017205', '0.0001.0016.0007', '佛朗村', '440112017', '440112017205', '5', null, null, null, null, '0', null, '6', null, '0', '2021-08-20 14:12:09', 'cb33c25f5c664058a111a9b876152317', '2021-08-20 14:12:09', 'cb33c25f5c664058a111a9b876152317');
INSERT INTO `sys_dept` VALUES ('440112017206', '0.0001.0016.0008', '燕塘村', '440112017', '440112017206', '5', null, null, null, null, '0', null, '7', null, '0', '2021-08-20 14:12:09', 'cb33c25f5c664058a111a9b876152317', '2021-08-20 14:12:09', 'cb33c25f5c664058a111a9b876152317');
INSERT INTO `sys_dept` VALUES ('440112017207', '0.0001.0016.0009', '莲塘村', '440112017', '440112017207', '5', null, null, null, null, '0', null, '8', null, '0', '2021-08-20 14:12:09', 'cb33c25f5c664058a111a9b876152317', '2021-08-20 14:12:09', 'cb33c25f5c664058a111a9b876152317');
INSERT INTO `sys_dept` VALUES ('440112017208', '0.0001.0016.0010', '山龙村', '440112017', '440112017208', '5', null, null, null, null, '0', null, '9', null, '0', '2021-08-20 14:12:09', 'cb33c25f5c664058a111a9b876152317', '2021-08-20 14:12:09', 'cb33c25f5c664058a111a9b876152317');
INSERT INTO `sys_dept` VALUES ('440112017209', '0.0001.0016.0011', '重岗村', '440112017', '440112017209', '5', null, null, null, null, '0', null, '10', null, '0', '2021-08-20 14:12:09', 'cb33c25f5c664058a111a9b876152317', '2021-08-20 14:12:09', 'cb33c25f5c664058a111a9b876152317');
INSERT INTO `sys_dept` VALUES ('440112018', '0.0001.0017', '龙湖街', '440112', '440112018', '4', null, null, null, null, '0', null, '16', null, '0', '2021-08-20 14:12:09', 'cb33c25f5c664058a111a9b876152317', '2021-08-20 14:12:09', 'cb33c25f5c664058a111a9b876152317');
INSERT INTO `sys_dept` VALUES ('440112018001', '0.0001.0017.0002', '九佛社区', '440112018', '440112018001', '5', null, null, null, null, '0', null, '1', null, '0', '2021-08-20 14:12:09', 'cb33c25f5c664058a111a9b876152317', '2021-08-20 14:12:09', 'cb33c25f5c664058a111a9b876152317');
INSERT INTO `sys_dept` VALUES ('440112018002', '0.0001.0017.0003', '凤凰湖社区', '440112018', '440112018002', '5', null, null, null, null, '0', null, '2', null, '0', '2021-08-20 14:12:09', 'cb33c25f5c664058a111a9b876152317', '2021-08-20 14:12:09', 'cb33c25f5c664058a111a9b876152317');
INSERT INTO `sys_dept` VALUES ('440112018003', '0.0001.0017.0004', '天韵社区', '440112018', '440112018003', '5', null, null, null, null, '0', null, '3', null, '0', '2021-08-20 14:12:09', 'cb33c25f5c664058a111a9b876152317', '2021-08-20 14:12:09', 'cb33c25f5c664058a111a9b876152317');
INSERT INTO `sys_dept` VALUES ('440112018004', '0.0001.0017.0005', '腾飞社区', '440112018', '440112018004', '5', null, null, null, null, '0', null, '4', null, '0', '2021-08-20 14:12:09', 'cb33c25f5c664058a111a9b876152317', '2021-08-20 14:12:09', 'cb33c25f5c664058a111a9b876152317');
INSERT INTO `sys_dept` VALUES ('440112018005', '0.0001.0017.0006', '幸福誉社区', '440112018', '440112018005', '5', null, null, null, null, '0', null, '5', null, '0', '2021-08-20 14:12:09', 'cb33c25f5c664058a111a9b876152317', '2021-08-20 14:12:09', 'cb33c25f5c664058a111a9b876152317');
INSERT INTO `sys_dept` VALUES ('440112018202', '0.0001.0017.0007', '埔心村', '440112018', '440112018202', '5', null, null, null, null, '0', null, '6', null, '0', '2021-08-20 14:12:09', 'cb33c25f5c664058a111a9b876152317', '2021-08-20 14:12:09', 'cb33c25f5c664058a111a9b876152317');
INSERT INTO `sys_dept` VALUES ('440112018210', '0.0001.0017.0008', '黄田村', '440112018', '440112018210', '5', null, null, null, null, '0', null, '7', null, '0', '2021-08-20 14:12:09', 'cb33c25f5c664058a111a9b876152317', '2021-08-20 14:12:09', 'cb33c25f5c664058a111a9b876152317');
INSERT INTO `sys_dept` VALUES ('440112018211', '0.0001.0017.0009', '何棠下', '440112018', '440112018211', '5', null, null, null, null, '0', null, '8', null, '0', '2021-08-20 14:12:09', 'cb33c25f5c664058a111a9b876152317', '2021-08-20 14:12:09', 'cb33c25f5c664058a111a9b876152317');
INSERT INTO `sys_dept` VALUES ('440112018212', '0.0001.0017.0010', '迳下村', '440112018', '440112018212', '5', null, null, null, null, '0', null, '9', null, '0', '2021-08-20 14:12:09', 'cb33c25f5c664058a111a9b876152317', '2021-08-20 14:12:09', 'cb33c25f5c664058a111a9b876152317');
INSERT INTO `sys_dept` VALUES ('440112018213', '0.0001.0017.0011', '长庚村', '440112018', '440112018213', '5', null, null, null, null, '0', null, '10', null, '0', '2021-08-20 14:12:09', 'cb33c25f5c664058a111a9b876152317', '2021-08-20 14:12:09', 'cb33c25f5c664058a111a9b876152317');
INSERT INTO `sys_dept` VALUES ('440112018223', '0.0001.0017.0012', '大涵村', '440112018', '440112018223', '5', null, null, null, null, '0', null, '11', null, '0', '2021-08-20 14:12:09', 'cb33c25f5c664058a111a9b876152317', '2021-08-20 14:12:09', 'cb33c25f5c664058a111a9b876152317');
INSERT INTO `sys_dept` VALUES ('440112018224', '0.0001.0017.0013', '汤村', '440112018', '440112018224', '5', null, null, null, null, '0', null, '12', null, '0', '2021-08-20 14:12:09', 'cb33c25f5c664058a111a9b876152317', '2021-08-20 14:12:09', 'cb33c25f5c664058a111a9b876152317');
INSERT INTO `sys_dept` VALUES ('440112018225', '0.0001.0017.0014', '旺村', '440112018', '440112018225', '5', null, null, null, null, '0', null, '13', null, '0', '2021-08-20 14:12:09', 'cb33c25f5c664058a111a9b876152317', '2021-08-20 14:12:09', 'cb33c25f5c664058a111a9b876152317');
INSERT INTO `sys_dept` VALUES ('440112101', '0.0001.0018', '新龙镇', '440112', '440112101', '4', null, null, null, null, '0', null, '17', null, '0', '2021-08-20 14:12:09', 'cb33c25f5c664058a111a9b876152317', '2021-08-20 14:12:09', 'cb33c25f5c664058a111a9b876152317');
INSERT INTO `sys_dept` VALUES ('440112101003', '0.0001.0018.0002', '镇龙社区', '440112101', '440112101003', '5', null, null, null, null, '0', null, '1', null, '0', '2021-08-20 14:12:10', 'cb33c25f5c664058a111a9b876152317', '2021-08-20 14:12:10', 'cb33c25f5c664058a111a9b876152317');
INSERT INTO `sys_dept` VALUES ('440112101214', '0.0001.0018.0003', '镇龙村', '440112101', '440112101214', '5', null, null, null, null, '0', null, '2', null, '0', '2021-08-20 14:12:10', 'cb33c25f5c664058a111a9b876152317', '2021-08-20 14:12:10', 'cb33c25f5c664058a111a9b876152317');
INSERT INTO `sys_dept` VALUES ('440112101215', '0.0001.0018.0004', '迳头村', '440112101', '440112101215', '5', null, null, null, null, '0', null, '3', null, '0', '2021-08-20 14:12:10', 'cb33c25f5c664058a111a9b876152317', '2021-08-20 14:12:10', 'cb33c25f5c664058a111a9b876152317');
INSERT INTO `sys_dept` VALUES ('440112101216', '0.0001.0018.0005', '九楼村', '440112101', '440112101216', '5', null, null, null, null, '0', null, '4', null, '0', '2021-08-20 14:12:10', 'cb33c25f5c664058a111a9b876152317', '2021-08-20 14:12:10', 'cb33c25f5c664058a111a9b876152317');
INSERT INTO `sys_dept` VALUES ('440112101217', '0.0001.0018.0006', '大坦村', '440112101', '440112101217', '5', null, null, null, null, '0', null, '5', null, '0', '2021-08-20 14:12:10', 'cb33c25f5c664058a111a9b876152317', '2021-08-20 14:12:10', 'cb33c25f5c664058a111a9b876152317');
INSERT INTO `sys_dept` VALUES ('440112101218', '0.0001.0018.0007', '麦村村', '440112101', '440112101218', '5', null, null, null, null, '0', null, '6', null, '0', '2021-08-20 14:12:10', 'cb33c25f5c664058a111a9b876152317', '2021-08-20 14:12:10', 'cb33c25f5c664058a111a9b876152317');
INSERT INTO `sys_dept` VALUES ('440112101219', '0.0001.0018.0008', '金坑村', '440112101', '440112101219', '5', null, null, null, null, '0', null, '7', null, '0', '2021-08-20 14:12:10', 'cb33c25f5c664058a111a9b876152317', '2021-08-20 14:12:10', 'cb33c25f5c664058a111a9b876152317');
INSERT INTO `sys_dept` VALUES ('440112101220', '0.0001.0018.0009', '均和村', '440112101', '440112101220', '5', null, null, null, null, '0', null, '8', null, '0', '2021-08-20 14:12:10', 'cb33c25f5c664058a111a9b876152317', '2021-08-20 14:12:10', 'cb33c25f5c664058a111a9b876152317');
INSERT INTO `sys_dept` VALUES ('440112101221', '0.0001.0018.0010', '福洞村', '440112101', '440112101221', '5', null, null, null, null, '0', null, '9', null, '0', '2021-08-20 14:12:10', 'cb33c25f5c664058a111a9b876152317', '2021-08-20 14:12:10', 'cb33c25f5c664058a111a9b876152317');
INSERT INTO `sys_dept` VALUES ('440112101222', '0.0001.0018.0011', '福山村', '440112101', '440112101222', '5', null, null, null, null, '0', null, '10', null, '0', '2021-08-20 14:12:10', 'cb33c25f5c664058a111a9b876152317', '2021-08-20 14:12:10', 'cb33c25f5c664058a111a9b876152317');
INSERT INTO `sys_dept` VALUES ('440112101226', '0.0001.0018.0012', '洋田村', '440112101', '440112101226', '5', null, null, null, null, '0', null, '11', null, '0', '2021-08-20 14:12:10', 'cb33c25f5c664058a111a9b876152317', '2021-08-20 14:12:10', 'cb33c25f5c664058a111a9b876152317');
INSERT INTO `sys_dept` VALUES ('440112101227', '0.0001.0018.0013', '新田村', '440112101', '440112101227', '5', null, null, null, null, '0', null, '12', null, '0', '2021-08-20 14:12:10', 'cb33c25f5c664058a111a9b876152317', '2021-08-20 14:12:10', 'cb33c25f5c664058a111a9b876152317');

-- ----------------------------
-- Table structure for sys_dict
-- ----------------------------
DROP TABLE IF EXISTS `sys_dict`;
CREATE TABLE `sys_dict` (
  `dict_id` varchar(50) NOT NULL COMMENT '字典编号',
  `dict_index_id` varchar(255) DEFAULT NULL COMMENT '所属字典流水号',
  `dict_code` varchar(100) DEFAULT NULL COMMENT '字典对照码',
  `dict_value` varchar(500) CHARACTER SET utf8 COLLATE utf8_general_ci DEFAULT NULL COMMENT '字典对照值',
  `show_color` varchar(50) DEFAULT NULL COMMENT '显示颜色',
  `status` varchar(10) DEFAULT '1' COMMENT '当前状态(0:停用;1:启用)',
  `edit_mode` varchar(10) DEFAULT '1' COMMENT '编辑模式(0:只读;1:可编辑)',
  `sort_no` int(10) DEFAULT NULL COMMENT '排序号',
  `create_time` datetime DEFAULT NULL COMMENT '创建时间',
  `create_by` varchar(50) DEFAULT NULL COMMENT '创建用户编号',
  `update_time` datetime DEFAULT NULL COMMENT '修改时间',
  `update_by` varchar(50) DEFAULT NULL COMMENT '修改用户ID',
  PRIMARY KEY (`dict_id`)
) ENGINE=InnoDB DEFAULT CHARSET=utf8 COMMENT='数据字典';

-- ----------------------------
-- Records of sys_dict
-- ----------------------------
INSERT INTO `sys_dict` VALUES ('08d76c1845ab425498810e716a8621e6', 'a9f98697527e452eaa4540e60ae98dc6', '0', '未发送', null, '1', '1', '1', '2017-05-03 12:44:21', 'cb33c25f5c664058a111a9b876152317', '2017-05-03 12:44:21', 'cb33c25f5c664058a111a9b876152317');
INSERT INTO `sys_dict` VALUES ('0a4de242d4cf4945818fdaf15d09ae7a', 'be4c44e7d83a4f508caa3e893e4c3360', '6', '就业服务中心-员工', null, '1', '1', '6', '2017-05-03 12:44:23', 'cb33c25f5c664058a111a9b876152317', '2017-05-03 12:44:23', 'cb33c25f5c664058a111a9b876152317');
INSERT INTO `sys_dict` VALUES ('11b823f3b2e14e76bf94347a4a5e578e', 'c48507ef391d4e3d8d9b7720efe4841b', '0', '停用', null, '1', '0', '1', '2017-05-03 12:44:22', null, '2017-05-03 12:44:22', null);
INSERT INTO `sys_dict` VALUES ('14e6a623eeb14fd786e3c51e667b89e5', 'be4c44e7d83a4f508caa3e893e4c3360', '11', '就业服务中心-个体户', null, '1', '1', '11', '2017-05-03 12:44:22', 'cb33c25f5c664058a111a9b876152317', '2017-05-03 12:44:22', 'cb33c25f5c664058a111a9b876152317');
INSERT INTO `sys_dict` VALUES ('1637919afeea4e129539f64583a407bc', 'ff3a4863d7b84861b837248f9887be16', '1', '父菜单', '', '1', '1', '1', '2021-09-18 15:51:42', 'cb33c25f5c664058a111a9b876152317', '2021-09-22 14:06:22', 'cb33c25f5c664058a111a9b876152317');
INSERT INTO `sys_dict` VALUES ('1c3537c22d2b4f72a59d4fcc14940c1c', 'a9f98697527e452eaa4540e60ae98dc6', '1', '已发送', null, '1', '1', '2', '2017-05-03 12:44:22', 'cb33c25f5c664058a111a9b876152317', '2017-05-03 12:44:22', 'cb33c25f5c664058a111a9b876152317');
INSERT INTO `sys_dict` VALUES ('1db39e63d2c94dbda914a61bb76b5e6e', '25140dcd61324b409db1978294cbebbd', '03', '归档', '', '1', '1', '1', '2021-09-01 15:11:31', 'cb33c25f5c664058a111a9b876152317', '2021-09-01 15:11:31', 'cb33c25f5c664058a111a9b876152317');
INSERT INTO `sys_dict` VALUES ('293adbde400f457a8d947ff5c6341b04', '992a7d6dbe7f4009b30cbae97c3b64a9', '3', '锁定', '#FFA500', '1', '1', '3', '2017-05-03 12:44:22', null, '2017-05-03 12:44:22', null);
INSERT INTO `sys_dict` VALUES ('2ac97527c4924127b742dd953d8b53ba', '820d2a68425b4d8d9b423b81d6a0eec1', '3', '未知', null, '1', '1', '3', '2017-05-03 12:44:22', null, '2017-05-03 12:44:22', null);
INSERT INTO `sys_dict` VALUES ('2bfc90a6917545cd87d73fb491292e2b', 'aaec0092a25b485f90c20898e9d6765d', '1', '缺省', null, '1', '1', '1', '2017-05-03 12:44:22', null, '2017-05-03 12:44:22', 'cb33c25f5c664058a111a9b876152317');
INSERT INTO `sys_dict` VALUES ('31fe52f5d9eb4b30824c63f275934082', '25140dcd61324b409db1978294cbebbd', '01', '收集', '', '1', '1', '1', '2021-09-01 15:10:58', 'cb33c25f5c664058a111a9b876152317', '2021-09-01 15:10:58', 'cb33c25f5c664058a111a9b876152317');
INSERT INTO `sys_dict` VALUES ('3cf6af08f48e4cec913d09f67a0b3b43', '992a7d6dbe7f4009b30cbae97c3b64a9', '1', '正常', null, '1', '1', '1', '2017-05-03 12:44:22', null, '2017-05-03 12:44:22', null);
INSERT INTO `sys_dict` VALUES ('3dbd1442f9c04ea0adfa164df1e09d87', 'be4c44e7d83a4f508caa3e893e4c3360', '10', '居住证审核', null, '1', '1', '10', '2017-05-03 12:44:22', 'cb33c25f5c664058a111a9b876152317', '2017-05-03 12:44:22', 'cb33c25f5c664058a111a9b876152317');
INSERT INTO `sys_dict` VALUES ('4f9d305c5b3f44c8851a6f4b3107ee8f', 'be4c44e7d83a4f508caa3e893e4c3360', '3', '住房保障-租房', null, '1', '1', '3', '2017-05-03 12:44:22', 'cb33c25f5c664058a111a9b876152317', '2017-05-03 12:44:22', 'cb33c25f5c664058a111a9b876152317');
INSERT INTO `sys_dict` VALUES ('54b51e8f289d47adbcf9620f1fac05f8', 'be4c44e7d83a4f508caa3e893e4c3360', '9', '职称', null, '1', '1', '9', '2017-05-03 12:44:22', 'cb33c25f5c664058a111a9b876152317', '2017-05-03 12:44:22', 'cb33c25f5c664058a111a9b876152317');
INSERT INTO `sys_dict` VALUES ('5bab085587df4cfd9ed9896bc83adae0', '305966b8892244f99b56af75f91f3622', '2', '业务 ', '', '1', '1', '2', '2018-05-13 09:46:36', null, '2018-05-13 13:11:14', null);
INSERT INTO `sys_dict` VALUES ('5c26404f35284e7a9bdb373fa4518303', 'be4c44e7d83a4f508caa3e893e4c3360', '2', '计生', null, '1', '1', '2', '2017-05-03 12:44:21', 'cb33c25f5c664058a111a9b876152317', '2017-05-03 12:44:21', 'cb33c25f5c664058a111a9b876152317');
INSERT INTO `sys_dict` VALUES ('5e311168372a433288e49a259334e8d7', 'be4c44e7d83a4f508caa3e893e4c3360', '7', '住房保障- 产权房', null, '1', '1', '7', '2017-05-03 12:44:23', 'cb33c25f5c664058a111a9b876152317', '2017-05-03 12:44:23', 'cb33c25f5c664058a111a9b876152317');
INSERT INTO `sys_dict` VALUES ('78107194c65146249c31f82a0e565bea', '6d38696cb3f0457cb69831c3ef3b02b2', '0', '投递失败', null, '1', '1', '1', '2017-05-03 12:44:21', 'cb33c25f5c664058a111a9b876152317', '2017-05-03 12:44:21', 'cb33c25f5c664058a111a9b876152317');
INSERT INTO `sys_dict` VALUES ('82afb0bda8944af3a0e5f82608294670', '0bf2a3cd7ed44516a261347d47995411', '2', '顶部布局', null, '1', '1', '2', '2017-05-03 12:44:23', 'cb33c25f5c664058a111a9b876152317', '2017-05-03 12:44:23', 'cb33c25f5c664058a111a9b876152317');
INSERT INTO `sys_dict` VALUES ('8dfd45e6ccf94460b1b979c21d1b1806', '99fd0f3f2d1a49c1acd97ea22415e4a8', '1', '系统菜单', '', '1', '1', '2', '2017-05-03 12:44:21', 'cb33c25f5c664058a111a9b876152317', '2021-09-22 11:58:26', 'cb33c25f5c664058a111a9b876152317');
INSERT INTO `sys_dict` VALUES ('913ca1b4b49a434fb9591f6df0a52af8', 'c6f8b99b95c844b89dc86c143e04a294', '0', '否', null, '1', '0', '1', '2017-05-03 12:44:23', null, '2017-05-03 12:44:23', null);
INSERT INTO `sys_dict` VALUES ('948aef72716c48bbac2e3234a7470618', '40569802279947f8a807fbaa2852be19', '1', '系统', '', '1', '1', '1', '2018-05-13 23:00:42', null, '2018-05-13 23:00:42', null);
INSERT INTO `sys_dict` VALUES ('9c63657b98c444e3bfd8a0a75128de2b', '7a7faf68a5ec4f3cb9f45d89c119b26b', '0', '只读', null, '1', '0', '1', '2017-05-03 12:44:23', null, '2017-05-03 12:44:23', null);
INSERT INTO `sys_dict` VALUES ('9daf8f79e6684c2281f53a05c3b21c6e', '305966b8892244f99b56af75f91f3622', '1', '系统', '', '1', '1', '1', '2018-05-12 23:46:29', null, '2018-05-12 23:46:29', null);
INSERT INTO `sys_dict` VALUES ('9fc8ed31830c48a7a32f613bce856d3f', 'be4c44e7d83a4f508caa3e893e4c3360', '4', '社保', null, '1', '1', '4', '2017-05-03 12:44:22', 'cb33c25f5c664058a111a9b876152317', '2017-05-03 12:44:22', 'cb33c25f5c664058a111a9b876152317');
INSERT INTO `sys_dict` VALUES ('a3cd9744d6e3462bb18f19b58f6aecf5', '51bccb68d34f4ecfb56e29d97a0251ca', '5', '居委会', '', '1', '1', '5', '2021-08-20 14:24:35', 'cb33c25f5c664058a111a9b876152317', '2021-08-20 14:24:35', 'cb33c25f5c664058a111a9b876152317');
INSERT INTO `sys_dict` VALUES ('a5be19d6d85b424d9e719df8aa4cfdb5', 'be4c44e7d83a4f508caa3e893e4c3360', '1', '教育', null, '1', '1', '1', '2017-05-03 12:44:21', 'cb33c25f5c664058a111a9b876152317', '2017-05-03 12:44:21', 'cb33c25f5c664058a111a9b876152317');
INSERT INTO `sys_dict` VALUES ('a96dfb72b7b54e1989569a2b3c5f90ac', 'c48507ef391d4e3d8d9b7720efe4841b', '1', '启用', null, '1', '0', '1', '2017-05-03 12:44:23', null, '2017-05-03 12:44:23', null);
INSERT INTO `sys_dict` VALUES ('aaca5452776f4c2a94a3367927622c38', 'ff3a4863d7b84861b837248f9887be16', '2', '子菜单', '', '1', '1', '2', '2021-09-22 11:57:13', 'cb33c25f5c664058a111a9b876152317', '2021-09-22 11:57:13', 'cb33c25f5c664058a111a9b876152317');
INSERT INTO `sys_dict` VALUES ('ad5f17396a25486dbfcd3bf26ed43781', '99fd0f3f2d1a49c1acd97ea22415e4a8', '0', '缺省', '', '1', '1', '1', '2021-09-22 11:58:14', 'cb33c25f5c664058a111a9b876152317', '2021-09-22 11:58:14', 'cb33c25f5c664058a111a9b876152317');
INSERT INTO `sys_dict` VALUES ('af90ddd57f6d45ec8f279c9b7ba8457b', 'ff3a4863d7b84861b837248f9887be16', '3', '按钮', '', '1', '1', '3', '2021-09-22 11:57:50', 'cb33c25f5c664058a111a9b876152317', '2021-09-22 11:57:50', 'cb33c25f5c664058a111a9b876152317');
INSERT INTO `sys_dict` VALUES ('afc719397e394d858c6207c480a0759f', '40569802279947f8a807fbaa2852be19', '2', '业务', '', '1', '1', '2', '2018-05-13 23:00:57', null, '2021-08-18 18:18:06', 'cb33c25f5c664058a111a9b876152317');
INSERT INTO `sys_dict` VALUES ('b5d9c2328ce749a9913a7cf4def3b743', '6d38696cb3f0457cb69831c3ef3b02b2', '1', '投递成功', null, '1', '1', '1', '2017-05-03 12:44:21', 'cb33c25f5c664058a111a9b876152317', '2017-05-03 12:44:21', 'cb33c25f5c664058a111a9b876152317');
INSERT INTO `sys_dict` VALUES ('c6ccaf5afb0d46dcbe1ed50815047291', 'be4c44e7d83a4f508caa3e893e4c3360', '8', '公安局', null, '1', '1', '8', '2017-05-03 12:44:22', 'cb33c25f5c664058a111a9b876152317', '2017-05-03 12:44:22', 'cb33c25f5c664058a111a9b876152317');
INSERT INTO `sys_dict` VALUES ('ca40ef37acef49f8930fcf22356ba50e', 'c6f8b99b95c844b89dc86c143e04a294', '1', '是', null, '1', '0', '2', '2017-05-03 12:44:23', null, '2017-05-03 12:44:23', null);
INSERT INTO `sys_dict` VALUES ('cf082ed10a854b25963262491c80df83', '51bccb68d34f4ecfb56e29d97a0251ca', '3', '行政区', '', '1', '1', '3', '2021-08-20 14:24:05', 'cb33c25f5c664058a111a9b876152317', '2021-08-20 14:24:41', 'cb33c25f5c664058a111a9b876152317');
INSERT INTO `sys_dict` VALUES ('d2cf230ce49040e3bf6e61a972659c09', '992a7d6dbe7f4009b30cbae97c3b64a9', '2', '停用', 'red', '1', '1', '2', '2017-05-03 12:44:23', null, '2017-05-03 12:44:23', null);
INSERT INTO `sys_dict` VALUES ('d404e540aab945df84a26e3d30b2dd47', '820d2a68425b4d8d9b423b81d6a0eec1', '2', '女', null, '1', '1', '2', '2017-05-03 12:44:23', null, '2017-05-03 12:44:23', null);
INSERT INTO `sys_dict` VALUES ('d55d4fce227f407c87d0fc1ace87e737', '25140dcd61324b409db1978294cbebbd', '02', '预归档', '', '1', '1', '1', '2021-09-01 15:11:17', 'cb33c25f5c664058a111a9b876152317', '2021-09-01 15:11:17', 'cb33c25f5c664058a111a9b876152317');
INSERT INTO `sys_dict` VALUES ('d7f0c4a5480d4dc4b3e6e4c5b405d9cb', '820d2a68425b4d8d9b423b81d6a0eec1', '1', '男', null, '1', '1', '1', '2017-05-03 12:44:23', null, '2017-05-03 12:44:23', null);
INSERT INTO `sys_dict` VALUES ('e0e59a52f42c4263aac3e9dbbdb496df', '0bf2a3cd7ed44516a261347d47995411', '1', '经典风格', null, '1', '1', '1', '2017-05-03 12:44:23', 'cb33c25f5c664058a111a9b876152317', '2017-05-03 12:44:23', 'cb33c25f5c664058a111a9b876152317');
INSERT INTO `sys_dict` VALUES ('e41c569a03164bc1a4a5787d2ed0e1a5', '51bccb68d34f4ecfb56e29d97a0251ca', '4', '街镇', '', '1', '1', '4', '2021-08-20 14:24:21', 'cb33c25f5c664058a111a9b876152317', '2021-08-20 14:24:21', 'cb33c25f5c664058a111a9b876152317');
INSERT INTO `sys_dict` VALUES ('e5adcaa5d9cb4612abd14bd935080b50', 'be4c44e7d83a4f508caa3e893e4c3360', '5', '医保', null, '1', '1', '5', '2017-05-03 12:44:23', 'cb33c25f5c664058a111a9b876152317', '2017-05-03 12:44:23', 'cb33c25f5c664058a111a9b876152317');
INSERT INTO `sys_dict` VALUES ('f1c0ae8844504f96836b904ce81ac1bc', '7a7faf68a5ec4f3cb9f45d89c119b26b', '1', '可编辑', null, '1', '0', '2', '2017-05-03 12:44:23', null, '2017-05-03 12:44:23', null);

-- ----------------------------
-- Table structure for sys_dict_index
-- ----------------------------
DROP TABLE IF EXISTS `sys_dict_index`;
CREATE TABLE `sys_dict_index` (
  `dict_index_id` varchar(50) NOT NULL COMMENT '流水号',
  `dict_key` varchar(50) DEFAULT NULL COMMENT '字典标识',
  `dict_name` varchar(100) DEFAULT NULL COMMENT '字典名称',
  `dict_type` varchar(10) DEFAULT '1' COMMENT '字典分类 1系统2业务',
  `dict_remark` varchar(500) DEFAULT NULL COMMENT '备注',
  `create_time` datetime DEFAULT NULL COMMENT '创建时间',
  `create_by` varchar(50) DEFAULT NULL COMMENT '创建用户编号',
  `update_time` datetime DEFAULT NULL COMMENT '修改时间',
  `update_by` varchar(50) DEFAULT NULL COMMENT '修改用户ID',
  PRIMARY KEY (`dict_index_id`)
) ENGINE=InnoDB DEFAULT CHARSET=utf8 COMMENT='数据字典索引表';

-- ----------------------------
-- Records of sys_dict_index
-- ----------------------------
INSERT INTO `sys_dict_index` VALUES ('0bf2a3cd7ed44516a261347d47995411', 'layout_style', '界面布局', '1', null, '2017-05-03 12:32:40', 'cb33c25f5c664058a111a9b876152317', '2017-05-03 12:32:40', 'cb33c25f5c664058a111a9b876152317');
INSERT INTO `sys_dict_index` VALUES ('25140dcd61324b409db1978294cbebbd', 'gdzt', '归档状态', '1', '', '2021-09-01 15:10:44', 'cb33c25f5c664058a111a9b876152317', '2021-09-01 15:10:44', 'cb33c25f5c664058a111a9b876152317');
INSERT INTO `sys_dict_index` VALUES ('305966b8892244f99b56af75f91f3622', 'dict_type', '字典分类', '1', '', '2018-05-12 23:16:40', null, '2018-05-13 13:10:35', null);
INSERT INTO `sys_dict_index` VALUES ('40569802279947f8a807fbaa2852be19', 'param_type', '参数分类', '1', '', '2018-05-13 23:00:28', null, '2021-08-18 16:54:16', 'cb33c25f5c664058a111a9b876152317');
INSERT INTO `sys_dict_index` VALUES ('51bccb68d34f4ecfb56e29d97a0251ca', 'dept_type', '机构类型', '1', '', '2021-08-20 14:23:56', 'cb33c25f5c664058a111a9b876152317', '2021-08-20 14:23:56', 'cb33c25f5c664058a111a9b876152317');
INSERT INTO `sys_dict_index` VALUES ('6d38696cb3f0457cb69831c3ef3b02b2', 'email_status', '投递状态', '1', null, '2017-05-03 12:32:40', 'cb33c25f5c664058a111a9b876152317', '2017-05-03 12:32:40', 'cb33c25f5c664058a111a9b876152317');
INSERT INTO `sys_dict_index` VALUES ('7a7faf68a5ec4f3cb9f45d89c119b26b', 'edit_mode', '编辑模式', '1', null, '2017-05-03 12:32:40', null, '2017-05-03 12:32:40', null);
INSERT INTO `sys_dict_index` VALUES ('820d2a68425b4d8d9b423b81d6a0eec1', 'sex', '性别', '1', null, '2017-05-03 12:32:40', null, null, null);
INSERT INTO `sys_dict_index` VALUES ('992a7d6dbe7f4009b30cbae97c3b64a9', 'user_status', '用户状态', '1', null, '2017-05-03 12:32:40', null, null, null);
INSERT INTO `sys_dict_index` VALUES ('99fd0f3f2d1a49c1acd97ea22415e4a8', 'menu_type', '菜单类型', '1', null, '2017-05-03 12:32:40', 'cb33c25f5c664058a111a9b876152317', '2017-05-03 12:32:40', 'cb33c25f5c664058a111a9b876152317');
INSERT INTO `sys_dict_index` VALUES ('a9f98697527e452eaa4540e60ae98dc6', 'is_send', '是否发送', '1', null, '2017-05-03 12:32:40', 'cb33c25f5c664058a111a9b876152317', '2017-05-03 12:32:40', 'cb33c25f5c664058a111a9b876152317');
INSERT INTO `sys_dict_index` VALUES ('aaec0092a25b485f90c20898e9d6765d', 'role_type', '角色类型', '1', null, '2017-05-03 12:32:40', null, null, null);
INSERT INTO `sys_dict_index` VALUES ('be4c44e7d83a4f508caa3e893e4c3360', 'unit_type', '职能单位类型', '1', null, '2017-05-03 12:32:40', 'cb33c25f5c664058a111a9b876152317', '2017-05-03 12:32:40', 'cb33c25f5c664058a111a9b876152317');
INSERT INTO `sys_dict_index` VALUES ('c48507ef391d4e3d8d9b7720efe4841b', 'status', '当前状态', '1', null, '2017-05-03 12:32:40', null, '2017-05-03 12:32:40', null);
INSERT INTO `sys_dict_index` VALUES ('c6f8b99b95c844b89dc86c143e04a294', 'is_auto_expand', '是否自动展开', '1', null, '2017-05-03 12:32:40', null, '2017-05-03 12:32:40', null);
INSERT INTO `sys_dict_index` VALUES ('ff3a4863d7b84861b837248f9887be16', 'module_type', '业务模块类型', '1', '', '2021-09-18 15:50:15', 'cb33c25f5c664058a111a9b876152317', '2021-09-18 15:50:15', 'cb33c25f5c664058a111a9b876152317');

-- ----------------------------
-- Table structure for sys_menu
-- ----------------------------
DROP TABLE IF EXISTS `sys_menu`;
CREATE TABLE `sys_menu` (
  `menu_id` varchar(50) NOT NULL DEFAULT '' COMMENT '菜单编号',
  `cascade_id` varchar(500) DEFAULT NULL COMMENT '分类科目语义ID',
  `menu_name` varchar(100) DEFAULT NULL COMMENT '菜单名称',
  `menu_code` varchar(100) DEFAULT NULL COMMENT '菜单编码',
  `menu_type` varchar(10) DEFAULT '1' COMMENT '菜单类型 1父级菜单2子菜单3按钮',
  `module_type` varchar(10) CHARACTER SET utf8 COLLATE utf8_general_ci DEFAULT '' COMMENT '模块类型 1父菜单2子菜单3按钮',
  `parent_id` varchar(50) DEFAULT NULL COMMENT '菜单父级编号',
  `icon_name` varchar(50) DEFAULT NULL COMMENT '图标名称',
  `is_auto_expand` varchar(10) DEFAULT '0' COMMENT '是否自动展开',
  `url` varchar(200) CHARACTER SET utf8 COLLATE utf8_general_ci DEFAULT NULL COMMENT 'url地址',
  `remark` varchar(500) DEFAULT NULL COMMENT '备注',
  `status` varchar(10) DEFAULT '1' COMMENT '当前状态(0:停用;1:启用)',
  `edit_mode` varchar(10) DEFAULT '1' COMMENT '编辑模式(0:只读;1:可编辑)',
  `sort_no` int(10) DEFAULT NULL COMMENT '排序号',
  `create_time` datetime DEFAULT NULL COMMENT '创建时间',
  `create_by` varchar(50) DEFAULT NULL COMMENT '创建人',
  `update_time` datetime DEFAULT NULL COMMENT '修改时间',
  `update_by` varchar(50) DEFAULT NULL COMMENT '更新用户',
  PRIMARY KEY (`menu_id`)
) ENGINE=InnoDB DEFAULT CHARSET=utf8 COMMENT='菜单配置';

-- ----------------------------
-- Records of sys_menu
-- ----------------------------
INSERT INTO `sys_menu` VALUES ('2967059b9dd746d1b9e15e10d25294e8', '0.0001.0002.0004', '重置密码', 'resetPassword', '0', '3', 'acb483393285432494e5a5f1524822ee', '', '1', '', '', '1', '1', '4', '2021-09-22 16:24:31', 'cb33c25f5c664058a111a9b876152317', '2021-09-22 16:24:31', 'cb33c25f5c664058a111a9b876152317');
INSERT INTO `sys_menu` VALUES ('2e785a67020746bcab348cdd1aa3493d', '0.0001.0002.0003', '删除', 'remove', '0', '3', 'acb483393285432494e5a5f1524822ee', '', '1', '', '', '1', '1', '3', '2021-09-22 16:24:11', 'cb33c25f5c664058a111a9b876152317', '2021-09-22 16:24:11', 'cb33c25f5c664058a111a9b876152317');
INSERT INTO `sys_menu` VALUES ('302d412ae30b4c52a47e03cc296104b5', '0.0001.0005.0001', '新增', 'add', '0', '3', 'b27f57e1361e49259f596fa773d34198', '', '1', '', '', '1', '1', '1', '2021-09-22 16:33:29', 'cb33c25f5c664058a111a9b876152317', '2021-09-22 16:33:29', 'cb33c25f5c664058a111a9b876152317');
INSERT INTO `sys_menu` VALUES ('3265e514331f42919abf18f4b7c3cfd9', '0.0001.0002.0002', '编辑', 'edit', '1', '3', 'acb483393285432494e5a5f1524822ee', '', '1', '', '', '1', '1', '1', '2021-09-22 14:13:17', 'cb33c25f5c664058a111a9b876152317', '2021-09-22 14:50:28', 'cb33c25f5c664058a111a9b876152317');
INSERT INTO `sys_menu` VALUES ('33a3b95c0db1487db35fbe7382ebec95', '0.0001.0001.0004', '同步行政地址', 'syncXzdz', '0', '3', '69c73a3c4c10415dab6282eb138271ec', '', '1', '', '', '1', '1', '4', '2021-09-22 16:28:04', 'cb33c25f5c664058a111a9b876152317', '2021-09-22 16:28:04', 'cb33c25f5c664058a111a9b876152317');
INSERT INTO `sys_menu` VALUES ('3aeb740cc7e7475680b3e1f714fbfb55', '0.0001.0006.0001', '新增', 'add', '0', '3', 'cae18585cbec48018042a506beda1ef9', '', '1', '', '', '1', '1', '1', '2021-09-22 16:51:24', 'cb33c25f5c664058a111a9b876152317', '2021-09-22 16:51:24', 'cb33c25f5c664058a111a9b876152317');
INSERT INTO `sys_menu` VALUES ('40a26f0b8bb04361a048e2117bd7f672', '0.0001.0003.0005', '删除', 'remove', '0', '3', '7a09b4ea8f384332bb1c1dad71bb84e8', '', '1', '', '', '1', '1', '5', '2021-09-22 16:32:33', 'cb33c25f5c664058a111a9b876152317', '2021-09-22 16:32:33', 'cb33c25f5c664058a111a9b876152317');
INSERT INTO `sys_menu` VALUES ('4d70c5ed8f07457c9a6c3283ae9b4228', '0.0001.0006.0003', '删除', 'remove', '0', '3', 'cae18585cbec48018042a506beda1ef9', '', '1', '', '', '1', '1', '3', '2021-09-22 16:52:12', 'cb33c25f5c664058a111a9b876152317', '2021-09-22 16:52:12', 'cb33c25f5c664058a111a9b876152317');
INSERT INTO `sys_menu` VALUES ('606935bb307f4afaa6b907fda874dcba', '0.0001.0002.0001', '新增', 'add', '1', '3', 'acb483393285432494e5a5f1524822ee', '', '1', '', '', '1', '1', '1', '2021-09-22 14:10:21', null, '2021-09-22 14:46:11', 'cb33c25f5c664058a111a9b876152317');
INSERT INTO `sys_menu` VALUES ('66ba06e29e524c0db57e30ac549569e1', '0.0001.0003.0004', '用户授权', 'roleUser', '0', '3', '7a09b4ea8f384332bb1c1dad71bb84e8', '', '1', '', '', '1', '1', '4', '2021-09-22 16:31:38', 'cb33c25f5c664058a111a9b876152317', '2021-09-22 16:31:38', 'cb33c25f5c664058a111a9b876152317');
INSERT INTO `sys_menu` VALUES ('69c73a3c4c10415dab6282eb138271ec', '0.0001.0001', '组织机构', 'dept', '1', '2', '803e9557efe4475c8739d3c321258def', 'fa fa-sitemap', '1', 'system/dept/init', '', '1', '1', '1', '2018-10-07 18:14:43', null, '2018-10-07 22:23:16', null);
INSERT INTO `sys_menu` VALUES ('7a09b4ea8f384332bb1c1dad71bb84e8', '0.0001.0003', '角色管理', 'role', '1', '2', '803e9557efe4475c8739d3c321258def', 'fa fa-paw', '1', 'system/role/init', '', '1', '1', '3', '2018-10-07 18:16:24', null, '2018-10-07 22:24:11', null);
INSERT INTO `sys_menu` VALUES ('7c79cb8c337340f487689525f8541640', '0.0001.0001.0003', '删除', 'remove', '0', '3', '69c73a3c4c10415dab6282eb138271ec', '', '1', '', '', '1', '1', '3', '2021-09-22 16:27:05', 'cb33c25f5c664058a111a9b876152317', '2021-09-22 16:27:05', 'cb33c25f5c664058a111a9b876152317');
INSERT INTO `sys_menu` VALUES ('803e9557efe4475c8739d3c321258def', '0.0001', '系统管理', 'system', '1', '1', '0', 'fa fa-desktop', '1', '', '', '1', '1', '1', '2018-09-28 18:30:41', null, '2021-09-22 15:29:39', 'cb33c25f5c664058a111a9b876152317');
INSERT INTO `sys_menu` VALUES ('817912d4dc984389990e3e76b6e0f0c7', '0.0001.0004.0001', '删除', 'remove', '0', '3', 'cacda1579dcb49eb972eed5256715b78', '', '1', '', '', '1', '1', '3', '2021-09-22 16:32:09', 'cb33c25f5c664058a111a9b876152317', '2021-09-22 16:54:07', 'cb33c25f5c664058a111a9b876152317');
INSERT INTO `sys_menu` VALUES ('875fa8b8336e411a990577bb75c57f8b', '0.0001.0004.0004', '刷新缓存', 'refreshCache', '0', '3', 'cacda1579dcb49eb972eed5256715b78', '', '1', '', '', '1', '1', '4', '2021-09-22 16:54:55', 'cb33c25f5c664058a111a9b876152317', '2021-09-22 16:54:55', 'cb33c25f5c664058a111a9b876152317');
INSERT INTO `sys_menu` VALUES ('8d8db25becc84c8b9cca6de32a762925', '0.0001.0003.0003', '菜单授权', 'roleMenu', '0', '3', '7a09b4ea8f384332bb1c1dad71bb84e8', '', '1', '', '', '1', '1', '3', '2021-09-22 16:31:01', 'cb33c25f5c664058a111a9b876152317', '2021-09-22 16:31:49', 'cb33c25f5c664058a111a9b876152317');
INSERT INTO `sys_menu` VALUES ('95808155b21745f08214c5f930ad8a51', '0.0001.0005.0003', '删除', 'remove', '0', '3', 'b27f57e1361e49259f596fa773d34198', '', '1', '', '', '1', '1', '3', '2021-09-22 16:34:19', 'cb33c25f5c664058a111a9b876152317', '2021-09-22 16:34:19', 'cb33c25f5c664058a111a9b876152317');
INSERT INTO `sys_menu` VALUES ('9770a6a139f748f3843ec96279407f38', '0.0001.0003.0001', '新增', 'add', '0', '3', '7a09b4ea8f384332bb1c1dad71bb84e8', '', '1', '', '', '1', '1', '1', '2021-09-22 16:29:32', 'cb33c25f5c664058a111a9b876152317', '2021-09-22 16:29:32', 'cb33c25f5c664058a111a9b876152317');
INSERT INTO `sys_menu` VALUES ('9f6b3b8d61af428ca2a5aed30c4ca6b9', '0.0001.0005.0004', '刷新缓存', 'refreshDict', '0', '3', 'b27f57e1361e49259f596fa773d34198', '', '1', '', '', '1', '1', '4', '2021-09-22 16:35:26', 'cb33c25f5c664058a111a9b876152317', '2021-09-22 16:35:26', 'cb33c25f5c664058a111a9b876152317');
INSERT INTO `sys_menu` VALUES ('a2bdd836591a41329cbae68d50409ca4', '0.0001.0004.0003', '编辑', 'edit', '0', '3', 'cacda1579dcb49eb972eed5256715b78', '', '1', '', '', '1', '1', '2', '2021-09-22 16:53:54', 'cb33c25f5c664058a111a9b876152317', '2021-09-22 16:53:54', 'cb33c25f5c664058a111a9b876152317');
INSERT INTO `sys_menu` VALUES ('acb483393285432494e5a5f1524822ee', '0.0001.0002', '用户管理', 'user', '1', '2', '803e9557efe4475c8739d3c321258def', 'fa fa-user', '1', 'system/user/init', '', '1', '1', '2', '2018-10-07 18:15:19', null, '2021-09-22 14:45:44', 'cb33c25f5c664058a111a9b876152317');
INSERT INTO `sys_menu` VALUES ('b27f57e1361e49259f596fa773d34198', '0.0001.0005', '通用字典', 'dict', '1', '2', '803e9557efe4475c8739d3c321258def', 'fa fa-book', '1', 'system/dict/init', '', '1', '1', '5', '2018-10-07 18:17:41', null, '2018-10-07 22:21:28', null);
INSERT INTO `sys_menu` VALUES ('b6ffd66f3f5346d19a25ae79a765a3f2', '0.0001.0002.0005', '同步来穗用户', 'syncLsUser', '0', '3', 'acb483393285432494e5a5f1524822ee', '', '1', '', '', '1', '1', '5', '2021-09-22 16:25:01', 'cb33c25f5c664058a111a9b876152317', '2021-09-22 16:25:01', 'cb33c25f5c664058a111a9b876152317');
INSERT INTO `sys_menu` VALUES ('b8f22b0275d546df8811b56bbdec01a5', '0.0001.0001.0002', '编辑', 'edit', '0', '3', '69c73a3c4c10415dab6282eb138271ec', '', '1', '', '', '1', '1', '2', '2021-09-22 16:26:41', 'cb33c25f5c664058a111a9b876152317', '2021-09-22 16:26:41', 'cb33c25f5c664058a111a9b876152317');
INSERT INTO `sys_menu` VALUES ('c511837ad35e467fb9901f4c825ae17c', '0.0001.0006.0002', '编辑', 'edit', '0', '3', 'cae18585cbec48018042a506beda1ef9', '', '1', '', '', '1', '1', '2', '2021-09-22 16:51:40', 'cb33c25f5c664058a111a9b876152317', '2021-09-22 16:51:40', 'cb33c25f5c664058a111a9b876152317');
INSERT INTO `sys_menu` VALUES ('cacda1579dcb49eb972eed5256715b78', '0.0001.0004', '菜单管理', 'menu', '1', '2', '803e9557efe4475c8739d3c321258def', 'fa fa-navicon', '1', 'system/menu/init', '', '1', '1', '4', '2018-10-07 18:16:56', null, '2018-10-07 22:22:50', null);
INSERT INTO `sys_menu` VALUES ('cae18585cbec48018042a506beda1ef9', '0.0001.0006', '键值参数', 'param', '1', '2', '803e9557efe4475c8739d3c321258def', 'fa fa-leaf', '1', 'system/param/init', '', '1', '1', '6', '2018-10-07 18:18:25', null, '2018-10-07 22:24:58', null);
INSERT INTO `sys_menu` VALUES ('cc574ed410684472b624ccfc61ba3375', '0.0001.0006.0004', '刷新缓存', 'refreshParam', '1', '3', 'cae18585cbec48018042a506beda1ef9', '', '1', '', '', '1', '1', '4', '2021-09-22 16:53:10', 'cb33c25f5c664058a111a9b876152317', '2021-09-22 16:53:10', 'cb33c25f5c664058a111a9b876152317');
INSERT INTO `sys_menu` VALUES ('d22029bcf39a4b6fa53999cef4868cfc', '0.0001.0001.0001', '新增', 'add', '0', '3', '69c73a3c4c10415dab6282eb138271ec', '', '1', '', '', '1', '1', '1', '2021-09-22 16:26:22', 'cb33c25f5c664058a111a9b876152317', '2021-09-22 16:26:22', 'cb33c25f5c664058a111a9b876152317');
INSERT INTO `sys_menu` VALUES ('d4df6b3f892547c791a4d491f49d9770', '0.0001.0002.0006', '刷新缓存', 'refreshCache', '0', '3', 'acb483393285432494e5a5f1524822ee', '', '1', '', '', '1', '1', '6', '2021-09-22 16:25:30', 'cb33c25f5c664058a111a9b876152317', '2021-09-22 16:25:30', 'cb33c25f5c664058a111a9b876152317');
INSERT INTO `sys_menu` VALUES ('e1f9921797374572a091eafa72009840', '0.0001.0005.0002', '编辑', 'edit', '0', '3', 'b27f57e1361e49259f596fa773d34198', '', '1', '', '', '1', '1', '2', '2021-09-22 16:33:58', 'cb33c25f5c664058a111a9b876152317', '2021-09-22 16:33:58', 'cb33c25f5c664058a111a9b876152317');
INSERT INTO `sys_menu` VALUES ('fc140f72c0a0421e920862669965ff4f', '0.0001.0003.0002', '编辑', 'edit', '0', '3', '7a09b4ea8f384332bb1c1dad71bb84e8', '', '1', '', '', '1', '1', '2', '2021-09-22 16:30:09', 'cb33c25f5c664058a111a9b876152317', '2021-09-22 16:30:09', 'cb33c25f5c664058a111a9b876152317');
INSERT INTO `sys_menu` VALUES ('fd78affe96c14b1abde63724b66e6bdd', '0.0001.0001.0005', '刷新缓存', 'refreshCache', '0', '3', '69c73a3c4c10415dab6282eb138271ec', '', '1', '', '', '1', '1', '5', '2021-09-22 16:28:47', 'cb33c25f5c664058a111a9b876152317', '2021-09-22 16:28:47', 'cb33c25f5c664058a111a9b876152317');
INSERT INTO `sys_menu` VALUES ('fe535e41857d432ab2b600c2c8669481', '0.0001.0004.0002', '新增', 'add', '0', '3', 'cacda1579dcb49eb972eed5256715b78', '', '1', '', '', '1', '1', '1', '2021-09-22 16:53:28', 'cb33c25f5c664058a111a9b876152317', '2021-09-22 16:53:28', 'cb33c25f5c664058a111a9b876152317');

-- ----------------------------
-- Table structure for sys_param
-- ----------------------------
DROP TABLE IF EXISTS `sys_param`;
CREATE TABLE `sys_param` (
  `param_id` varchar(50) NOT NULL DEFAULT '' COMMENT '参数编号',
  `param_name` varchar(100) DEFAULT NULL COMMENT '参数名称',
  `param_key` varchar(50) DEFAULT NULL COMMENT '参数键名',
  `param_value` varchar(500) DEFAULT NULL COMMENT '参数键值',
  `param_remark` varchar(200) DEFAULT NULL COMMENT '参数备注',
  `param_type` varchar(10) DEFAULT '0' COMMENT '参数类型0:缺省;1:系统2:业务',
  `status` varchar(10) DEFAULT '1' COMMENT '当前状态(0:停用;1:启用)',
  `edit_mode` varchar(10) DEFAULT '1' COMMENT '编辑模式(0:只读;1:可编辑)',
  `create_time` datetime DEFAULT NULL COMMENT '创建时间',
  `create_by` varchar(50) DEFAULT NULL COMMENT '创建用户',
  `update_time` datetime DEFAULT NULL COMMENT '修改时间',
  `update_by` varchar(50) DEFAULT NULL COMMENT '修改用户',
  PRIMARY KEY (`param_id`)
) ENGINE=InnoDB DEFAULT CHARSET=utf8 COMMENT='键值参数';

-- ----------------------------
-- Records of sys_param
-- ----------------------------
INSERT INTO `sys_param` VALUES ('18b6faac28684132802a3d9ebae3b4d7', '行政区代码', 'xzq_code', '440112', '', '1', '1', '1', '2021-08-20 13:58:51', 'cb33c25f5c664058a111a9b876152317', '2021-08-20 13:58:51', 'cb33c25f5c664058a111a9b876152317');
INSERT INTO `sys_param` VALUES ('859bc36577494d0f8417a042faa5a623', '角色权限菜单开关', 'role_menu_switch', 'off', '角色权限开关，on打开，一般上线的使用，这样有利于减少缓存', '1', '1', '0', '2019-05-11 15:52:25', 'cb33c25f5c664058a111a9b876152317', '2020-11-05 16:08:14', 'cb33c25f5c664058a111a9b876152317');
INSERT INTO `sys_param` VALUES ('869ff5a9fedd4b9393b7edf570f1eae4', '行政区名称', 'xzq_name', '黄埔区', '', '1', '1', '1', '2021-08-20 14:04:52', 'cb33c25f5c664058a111a9b876152317', '2021-08-20 14:04:52', 'cb33c25f5c664058a111a9b876152317');
INSERT INTO `sys_param` VALUES ('a5b181a61341415eb93d2a10574de815', '文件保存根目录', 'save_root_path', 'D:\\\\webplus', '', '1', '1', '1', '2020-03-21 01:48:43', 'cb33c25f5c664058a111a9b876152317', '2021-08-18 16:38:03', 'cb33c25f5c664058a111a9b876152317');
INSERT INTO `sys_param` VALUES ('abe5ff959723414899e531f0cb4134cf', '通用密码', 'common_password', '6493e50abf693c9ff35ef35711c0ad46', '通用密码开启除super账号以外的用户', '1', '1', '0', '2019-05-11 15:27:00', 'cb33c25f5c664058a111a9b876152317', '2020-03-21 00:39:07', 'cb33c25f5c664058a111a9b876152317');
INSERT INTO `sys_param` VALUES ('de42c105687648478e7324b7cc4c04f0', '允许文件上传类型', 'fileAttaMimeType', 'image/png,application/pdf,application/x-bmp,application/x-jpg,image/jpeg,image/tiff', '', '1', '1', '1', '2021-09-27 15:43:54', 'cb33c25f5c664058a111a9b876152317', '2021-09-27 15:44:45', 'cb33c25f5c664058a111a9b876152317');

-- ----------------------------
-- Table structure for sys_role
-- ----------------------------
DROP TABLE IF EXISTS `sys_role`;
CREATE TABLE `sys_role` (
  `role_id` varchar(50) NOT NULL COMMENT ' 流水号',
  `role_name` varchar(100) NOT NULL COMMENT '角色名称',
  `status` varchar(10) DEFAULT '1' COMMENT '当前状态 1启用 0禁用',
  `role_type` varchar(10) DEFAULT '1' COMMENT '角色类型',
  `role_remark` varchar(400) DEFAULT NULL COMMENT '备注',
  `edit_mode` varchar(10) DEFAULT '1' COMMENT '编辑模式(0:只读;1:可编辑)',
  `create_by` varchar(50) DEFAULT NULL COMMENT '创建用户编号',
  `create_time` datetime DEFAULT NULL COMMENT '创建时间',
  `update_by` varchar(50) DEFAULT NULL COMMENT '修改用户ID',
  `update_time` datetime DEFAULT NULL COMMENT '修改时间',
  PRIMARY KEY (`role_id`)
) ENGINE=InnoDB DEFAULT CHARSET=utf8 COMMENT='角色表';

-- ----------------------------
-- Records of sys_role
-- ----------------------------
INSERT INTO `sys_role` VALUES ('83abaf5c82f443d895345c9b23e03938', '管理员角色', '1', '1', '', '1', 'cb33c25f5c664058a111a9b876152317', '2018-07-14 07:31:13', 'cb33c25f5c664058a111a9b876152317', '2018-10-07 21:53:37');

-- ----------------------------
-- Table structure for sys_role_menu
-- ----------------------------
DROP TABLE IF EXISTS `sys_role_menu`;
CREATE TABLE `sys_role_menu` (
  `role_menu_id` varchar(50) NOT NULL DEFAULT '' COMMENT '角色与菜单关联编号',
  `role_id` varchar(50) NOT NULL COMMENT ' 角色流水号',
  `menu_id` varchar(50) NOT NULL COMMENT '功能模块流水号',
  `grant_type` varchar(10) DEFAULT NULL COMMENT '权限类型 1 经办权限 2管理权限',
  `create_by` varchar(50) CHARACTER SET utf8 COLLATE utf8_general_ci DEFAULT NULL COMMENT '创建人ID',
  `create_time` datetime DEFAULT NULL COMMENT '创建时间',
  PRIMARY KEY (`role_menu_id`)
) ENGINE=InnoDB DEFAULT CHARSET=utf8 COMMENT='菜单模块-角色关联表';

-- ----------------------------
-- Records of sys_role_menu
-- ----------------------------
INSERT INTO `sys_role_menu` VALUES ('06cb8cf309d74c1486acb88759ec34f0', '83abaf5c82f443d895345c9b23e03938', 'cc574ed410684472b624ccfc61ba3375', null, 'cb33c25f5c664058a111a9b876152317', '2021-09-28 09:18:25');
INSERT INTO `sys_role_menu` VALUES ('0a5129d5f6b84c51a72b1a8e017ec631', '83abaf5c82f443d895345c9b23e03938', 'cc79ab04e03647078cc043da6ff0b3eb', null, 'cb33c25f5c664058a111a9b876152317', '2021-09-28 09:18:25');
INSERT INTO `sys_role_menu` VALUES ('0ba5740fd1844eaba9696e7a006423af', '83abaf5c82f443d895345c9b23e03938', 'cae18585cbec48018042a506beda1ef9', null, 'cb33c25f5c664058a111a9b876152317', '2021-09-28 09:18:25');
INSERT INTO `sys_role_menu` VALUES ('17aa5af3247a45d08dc9ae9586facb65', '83abaf5c82f443d895345c9b23e03938', 'd22029bcf39a4b6fa53999cef4868cfc', null, 'cb33c25f5c664058a111a9b876152317', '2021-09-28 09:18:25');
INSERT INTO `sys_role_menu` VALUES ('1ada79036abc43c1ae725589eb5681f3', '83abaf5c82f443d895345c9b23e03938', '32f56c1fbf2d4aa4854b6b09ee74ec34', null, 'cb33c25f5c664058a111a9b876152317', '2021-09-28 09:18:25');
INSERT INTO `sys_role_menu` VALUES ('2bbd4005827f4d55a7687adfb0c1071e', '83abaf5c82f443d895345c9b23e03938', 'a6e1d487b0be41d0a764c1147231766b', null, 'cb33c25f5c664058a111a9b876152317', '2021-09-28 09:18:25');
INSERT INTO `sys_role_menu` VALUES ('2dbdf9f24e52416885e9a077f07ff60f', '83abaf5c82f443d895345c9b23e03938', '3aeb740cc7e7475680b3e1f714fbfb55', null, 'cb33c25f5c664058a111a9b876152317', '2021-09-28 09:18:25');
INSERT INTO `sys_role_menu` VALUES ('31f5359040cc4527b76502d5e8100570', '83abaf5c82f443d895345c9b23e03938', '440112', null, 'cb33c25f5c664058a111a9b876152317', '2021-09-28 09:18:25');
INSERT INTO `sys_role_menu` VALUES ('366af49cbcbb4a1b9da60c9b3fcd7504', '83abaf5c82f443d895345c9b23e03938', 'cacda1579dcb49eb972eed5256715b78', null, 'cb33c25f5c664058a111a9b876152317', '2021-09-28 09:18:25');
INSERT INTO `sys_role_menu` VALUES ('37f93295c7cf466cb8bb6f8df428f0ca', '83abaf5c82f443d895345c9b23e03938', '606935bb307f4afaa6b907fda874dcba', null, 'cb33c25f5c664058a111a9b876152317', '2021-09-28 09:18:25');
INSERT INTO `sys_role_menu` VALUES ('3b11b76c4d2d497d8d31d9e7a30352e8', '83abaf5c82f443d895345c9b23e03938', '7c79cb8c337340f487689525f8541640', null, 'cb33c25f5c664058a111a9b876152317', '2021-09-28 09:18:25');
INSERT INTO `sys_role_menu` VALUES ('3ee46cebb0d544bb94f72a0bf9b19e82', '83abaf5c82f443d895345c9b23e03938', '803e9557efe4475c8739d3c321258def', null, 'cb33c25f5c664058a111a9b876152317', '2021-09-28 09:18:25');
INSERT INTO `sys_role_menu` VALUES ('40254d4d8e8843389097f4b21ea5d5ae', '83abaf5c82f443d895345c9b23e03938', '875fa8b8336e411a990577bb75c57f8b', null, 'cb33c25f5c664058a111a9b876152317', '2021-09-28 09:18:25');
INSERT INTO `sys_role_menu` VALUES ('4651a6880857471a94454ec5e8c45418', '83abaf5c82f443d895345c9b23e03938', 'e1f9921797374572a091eafa72009840', null, 'cb33c25f5c664058a111a9b876152317', '2021-09-28 09:18:25');
INSERT INTO `sys_role_menu` VALUES ('4e25d21184ef40b1ba2d8f1b440d7adb', '83abaf5c82f443d895345c9b23e03938', 'b6ffd66f3f5346d19a25ae79a765a3f2', null, 'cb33c25f5c664058a111a9b876152317', '2021-09-28 09:18:25');
INSERT INTO `sys_role_menu` VALUES ('4fd057a9aab1466f98677c76050152a7', '83abaf5c82f443d895345c9b23e03938', '1e8f88f3f2144741a24a7097a59e750a', null, 'cb33c25f5c664058a111a9b876152317', '2021-09-28 09:18:25');
INSERT INTO `sys_role_menu` VALUES ('52e5dd5265db47558bfdceb37c49e6e6', '83abaf5c82f443d895345c9b23e03938', '7a09b4ea8f384332bb1c1dad71bb84e8', null, 'cb33c25f5c664058a111a9b876152317', '2021-09-28 09:18:25');
INSERT INTO `sys_role_menu` VALUES ('5561d6b980bd4eb09049d34e3220b9c8', '83abaf5c82f443d895345c9b23e03938', 'acb483393285432494e5a5f1524822ee', null, 'cb33c25f5c664058a111a9b876152317', '2021-09-28 09:18:25');
INSERT INTO `sys_role_menu` VALUES ('567db4b04bc54e8baa37b8dc980559d1', '83abaf5c82f443d895345c9b23e03938', '66ba06e29e524c0db57e30ac549569e1', null, 'cb33c25f5c664058a111a9b876152317', '2021-09-28 09:18:25');
INSERT INTO `sys_role_menu` VALUES ('5ad37c5c32154e19a0b9fa328db996c9', '83abaf5c82f443d895345c9b23e03938', 'b8f22b0275d546df8811b56bbdec01a5', null, 'cb33c25f5c664058a111a9b876152317', '2021-09-28 09:18:25');
INSERT INTO `sys_role_menu` VALUES ('6086e0d7fdff4aff917e0e4d944851c1', '83abaf5c82f443d895345c9b23e03938', '2967059b9dd746d1b9e15e10d25294e8', null, 'cb33c25f5c664058a111a9b876152317', '2021-09-28 09:18:25');
INSERT INTO `sys_role_menu` VALUES ('698fcb0032364dbc8ee254cd775d2b63', '83abaf5c82f443d895345c9b23e03938', '9770a6a139f748f3843ec96279407f38', null, 'cb33c25f5c664058a111a9b876152317', '2021-09-28 09:18:25');
INSERT INTO `sys_role_menu` VALUES ('70c9bf203e754dba8b14a0e37eeacd25', '83abaf5c82f443d895345c9b23e03938', '9f6b3b8d61af428ca2a5aed30c4ca6b9', null, 'cb33c25f5c664058a111a9b876152317', '2021-09-28 09:18:25');
INSERT INTO `sys_role_menu` VALUES ('751d7874a1624ce9871d890ffd3a3fc3', '83abaf5c82f443d895345c9b23e03938', '8d8db25becc84c8b9cca6de32a762925', null, 'cb33c25f5c664058a111a9b876152317', '2021-09-28 09:18:25');
INSERT INTO `sys_role_menu` VALUES ('754836bda07f48aa935caaf9e42e4f1d', '83abaf5c82f443d895345c9b23e03938', 'fe535e41857d432ab2b600c2c8669481', null, 'cb33c25f5c664058a111a9b876152317', '2021-09-28 09:18:25');
INSERT INTO `sys_role_menu` VALUES ('7772fa9a596140e19cd4b89c17dd5a1f', '83abaf5c82f443d895345c9b23e03938', '2607ff6ca0fe4904845adec23a761088', null, 'cb33c25f5c664058a111a9b876152317', '2021-09-28 09:18:25');
INSERT INTO `sys_role_menu` VALUES ('78b5c6201c0843a4aafa61037d63e39f', '83abaf5c82f443d895345c9b23e03938', '40a26f0b8bb04361a048e2117bd7f672', null, 'cb33c25f5c664058a111a9b876152317', '2021-09-28 09:18:25');
INSERT INTO `sys_role_menu` VALUES ('8b4e1d7fc2cb4d16bd6832dba7289426', '83abaf5c82f443d895345c9b23e03938', 'fc140f72c0a0421e920862669965ff4f', null, 'cb33c25f5c664058a111a9b876152317', '2021-09-28 09:18:25');
INSERT INTO `sys_role_menu` VALUES ('94c701a41580462ca6163dacbb7842f7', '83abaf5c82f443d895345c9b23e03938', 'a2bdd836591a41329cbae68d50409ca4', null, 'cb33c25f5c664058a111a9b876152317', '2021-09-28 09:18:25');
INSERT INTO `sys_role_menu` VALUES ('9d5bec3c71784cea9a10afbb90449725', '83abaf5c82f443d895345c9b23e03938', '38851ee6c32047cb8d1e8766ac1571ef', null, 'cb33c25f5c664058a111a9b876152317', '2021-09-28 09:18:25');
INSERT INTO `sys_role_menu` VALUES ('a0e42e9eaaf14fb6822114ed0062b5be', '83abaf5c82f443d895345c9b23e03938', '95808155b21745f08214c5f930ad8a51', null, 'cb33c25f5c664058a111a9b876152317', '2021-09-28 09:18:25');
INSERT INTO `sys_role_menu` VALUES ('a14d7958ee1b43d9ad5b4be4e38e231b', '83abaf5c82f443d895345c9b23e03938', '3265e514331f42919abf18f4b7c3cfd9', null, 'cb33c25f5c664058a111a9b876152317', '2021-09-28 09:18:25');
INSERT INTO `sys_role_menu` VALUES ('d5072cde085a43b79869ec861376afac', '83abaf5c82f443d895345c9b23e03938', '33a3b95c0db1487db35fbe7382ebec95', null, 'cb33c25f5c664058a111a9b876152317', '2021-09-28 09:18:25');
INSERT INTO `sys_role_menu` VALUES ('d51fc11c1a724db2972e4be71746e346', '83abaf5c82f443d895345c9b23e03938', 'd4df6b3f892547c791a4d491f49d9770', null, 'cb33c25f5c664058a111a9b876152317', '2021-09-28 09:18:25');
INSERT INTO `sys_role_menu` VALUES ('e3b6ad3585af4358897cb6d424e0397e', '83abaf5c82f443d895345c9b23e03938', '2e785a67020746bcab348cdd1aa3493d', null, 'cb33c25f5c664058a111a9b876152317', '2021-09-28 09:18:25');
INSERT INTO `sys_role_menu` VALUES ('e66d80f016564bcf80195fa98e511074', '83abaf5c82f443d895345c9b23e03938', '69c73a3c4c10415dab6282eb138271ec', null, 'cb33c25f5c664058a111a9b876152317', '2021-09-28 09:18:25');
INSERT INTO `sys_role_menu` VALUES ('f117cd263dc843fc8f716075c49ffdcc', '83abaf5c82f443d895345c9b23e03938', '817912d4dc984389990e3e76b6e0f0c7', null, 'cb33c25f5c664058a111a9b876152317', '2021-09-28 09:18:25');
INSERT INTO `sys_role_menu` VALUES ('f228f7adecfe404e89fbd9be18d18d80', '83abaf5c82f443d895345c9b23e03938', '302d412ae30b4c52a47e03cc296104b5', null, 'cb33c25f5c664058a111a9b876152317', '2021-09-28 09:18:25');
INSERT INTO `sys_role_menu` VALUES ('f2b1f3caad0146b8b1bbb29a49f08ec0', '83abaf5c82f443d895345c9b23e03938', 'b27f57e1361e49259f596fa773d34198', null, 'cb33c25f5c664058a111a9b876152317', '2021-09-28 09:18:25');
INSERT INTO `sys_role_menu` VALUES ('f61e6f7327634348b5242e7521ac9d17', '83abaf5c82f443d895345c9b23e03938', 'fd78affe96c14b1abde63724b66e6bdd', null, 'cb33c25f5c664058a111a9b876152317', '2021-09-28 09:18:25');
INSERT INTO `sys_role_menu` VALUES ('f7a79e014e054c7c8e5326bf4613c0bb', '83abaf5c82f443d895345c9b23e03938', 'c511837ad35e467fb9901f4c825ae17c', null, 'cb33c25f5c664058a111a9b876152317', '2021-09-28 09:18:25');
INSERT INTO `sys_role_menu` VALUES ('fb29fe27e82b43108f1b109dd9f2c5a1', '83abaf5c82f443d895345c9b23e03938', '4d70c5ed8f07457c9a6c3283ae9b4228', null, 'cb33c25f5c664058a111a9b876152317', '2021-09-28 09:18:25');
INSERT INTO `sys_role_menu` VALUES ('fb984ddd6d0b48aa950e6f506c0089b6', '83abaf5c82f443d895345c9b23e03938', '68f8fb54100f4c94a52986e6046a0862', null, 'cb33c25f5c664058a111a9b876152317', '2021-09-28 09:18:25');

-- ----------------------------
-- Table structure for sys_role_user
-- ----------------------------
DROP TABLE IF EXISTS `sys_role_user`;
CREATE TABLE `sys_role_user` (
  `role_user_id` varchar(50) NOT NULL DEFAULT '' COMMENT '角色与用户编号',
  `role_id` varchar(50) NOT NULL COMMENT '角色编号',
  `user_id` varchar(50) NOT NULL COMMENT '用户编号',
  `create_by` varchar(50) CHARACTER SET utf8 COLLATE utf8_general_ci DEFAULT NULL COMMENT '创建用户编号',
  `create_time` datetime DEFAULT NULL COMMENT '创建时间',
  PRIMARY KEY (`role_user_id`)
) ENGINE=InnoDB DEFAULT CHARSET=utf8 COMMENT='角色与用户关联';

-- ----------------------------
-- Records of sys_role_user
-- ----------------------------
INSERT INTO `sys_role_user` VALUES ('', '83abaf5c82f443d895345c9b23e03938', '0e40390678954a778db4bef3bcf4eb7f', 'cb33c25f5c664058a111a9b876152317', '2018-07-14 07:42:02');
INSERT INTO `sys_role_user` VALUES ('49f48173c9f74ddc8b2aa8e75d4bf442', '83abaf5c82f443d895345c9b23e03938', '103569933', 'cb33c25f5c664058a111a9b876152317', '2021-09-22 11:24:55');
INSERT INTO `sys_role_user` VALUES ('be6c8eadc2a1443193c5ddbee796b557', '83abaf5c82f443d895345c9b23e03938', '131025430', 'cb33c25f5c664058a111a9b876152317', '2021-09-22 11:30:37');
INSERT INTO `sys_role_user` VALUES ('d4d2e20128fc4ee7b89e1c409376213c', '83abaf5c82f443d895345c9b23e03938', 'bca0813f990f443faeda3a62dd5bdc6f', 'cb33c25f5c664058a111a9b876152317', '2021-09-18 09:37:59');
INSERT INTO `sys_role_user` VALUES ('ea8aec68de32478fbeb0d808970a133e', '83abaf5c82f443d895345c9b23e03938', '8479364', 'cb33c25f5c664058a111a9b876152317', '2021-08-24 12:16:32');
INSERT INTO `sys_role_user` VALUES ('eaceb29e0f09427ea36279a64fbefae2', '83abaf5c82f443d895345c9b23e03938', '21948e6d7cdf404fb0a5a320a86c3144', null, '2018-10-07 17:19:40');
INSERT INTO `sys_role_user` VALUES ('ec7492c5c80b453891979af652c5bb92', '83abaf5c82f443d895345c9b23e03938', '931c8fb6079d457aa7feae9b4838e09e', 'cb33c25f5c664058a111a9b876152317', '2021-09-17 18:00:15');

-- ----------------------------
-- Table structure for sys_user
-- ----------------------------
DROP TABLE IF EXISTS `sys_user`;
CREATE TABLE `sys_user` (
  `user_id` varchar(50) NOT NULL COMMENT '用户编号',
  `account` varchar(50) NOT NULL COMMENT '用户登录帐号',
  `password` varchar(50) NOT NULL COMMENT '密码',
  `username` varchar(50) NOT NULL COMMENT '用户姓名',
  `lock_num` int(10) DEFAULT '5' COMMENT '锁定次数 默认5次',
  `error_num` int(10) DEFAULT '0' COMMENT '密码错误次数  如果等于锁定次数就自动锁定用户',
  `sex` varchar(10) DEFAULT '3' COMMENT '性别  1:男2:女3:未知',
  `status` varchar(10) DEFAULT '1' COMMENT '用户状态 1:正常2:停用 3:锁定',
  `user_type` varchar(10) DEFAULT '1' COMMENT '用户类型',
  `dept_id` varchar(50) DEFAULT NULL COMMENT '所属部门流水号',
  `mobile` varchar(50) DEFAULT NULL COMMENT '联系电话',
  `qq` varchar(50) DEFAULT NULL COMMENT 'QQ号码',
  `wechat` varchar(50) DEFAULT NULL COMMENT '微信',
  `email` varchar(50) DEFAULT NULL COMMENT '电子邮件',
  `idno` varchar(50) DEFAULT NULL COMMENT '身份证号',
  `style` varchar(10) DEFAULT '1' COMMENT '界面风格',
  `address` varchar(200) DEFAULT NULL COMMENT '联系地址',
  `remark` varchar(400) DEFAULT NULL COMMENT '备注',
  `is_del` varchar(10) DEFAULT '0' COMMENT '是否已删除 0有效 1删除',
  `create_time` datetime DEFAULT NULL COMMENT '创建时间',
  `create_by` varchar(50) DEFAULT NULL COMMENT '创建人ID',
  `update_time` datetime DEFAULT NULL COMMENT '修改时间',
  `update_by` varchar(50) DEFAULT NULL COMMENT '修改用户编号',
  `xzq` varchar(50) DEFAULT NULL COMMENT '行政区',
  `jz` varchar(50) DEFAULT NULL COMMENT '街镇',
  `jwh` varchar(50) DEFAULT NULL COMMENT '居委会',
  `dymc` varchar(50) DEFAULT NULL COMMENT '地域范围',
  `dyfw` varchar(50) DEFAULT NULL COMMENT '地域范围',
  `data_range` varchar(1000) DEFAULT NULL COMMENT '数据范围',
  PRIMARY KEY (`user_id`)
) ENGINE=InnoDB DEFAULT CHARSET=utf8 COMMENT='用户基本信息表';

-- ----------------------------
-- Records of sys_user
-- ----------------------------
INSERT INTO `sys_user` VALUES ('cb33c25f5c664058a111a9b876152317', 'super', '17c4520f6cfd1ab53d8745e84681eb49', '超级用户', '10', '0', '1', '1', '2', '440112', '13802907704', '240823329', '', '240823329@qq.com', '', '1', '', '超级用户，拥有最高的权限', '0', '2017-01-15 09:47:46', null, '2021-11-05 17:05:50', 'cb33c25f5c664058a111a9b876152317', '440112', null, null, 'xzq', '440112', 'ALL');
